Year,Series,Company,Name,Secondary Name,Faction,No.,Alternate Mode,Size Class,Notes,Distribution,Original Price
1984,The Transformers,Hasbro,Optimus Prime,Convoy,Autobot,-,White Freightliner Cabover Engine Tractor Trailer FLA 8664T,Autobot Commander,White Freightliner Cabover Engine Tractor Trailer FLA 8664T. The early versions were near identical to the Diaclone Battle Convoy & came with metal plates in the trailer rather than stickers and it also came with  'swollen' accessories and a grey Roller. The early box also featured an error; the radar dish is visible under the box art and has not been cropped from the underside of the box. Later releases had the standard thinner gun and blue Roller and stickers in the trailer instead of metal plates.,Mainline,$23.99
1984,The Transformers,Hasbro,Bluestreak,Streak,Autobot,-,Nissan Fairlady 280Z-T,Autobot Car,"Silver Nissan Fairlady 280Z-T. Although the box art and catalogues depict a ""blue"" Bluesteak, this was not released in the Transformers line.",Mainline,$9.95
1984,The Transformers,Hasbro,Hound,Hound,Autobot,-,Mitsubishi J59 Jeep,Autobot Car,Near identical to the original Diaclone version,Mainline,$9.95
1984,The Transformers,Hasbro,Ironhide,Ironhide,Autobot,-,Nissan Cherry Vanette,Autobot Car,"Red Cherry Vannette, this colour was unreleased in the Japanese Diaclone series but did appear in GiGs Trasformer series. Ironhide was also unreleased in Japan. As Ironhide did not have a head, there was a face sticker included to attach to the drivers seat.",Mainline,$9.95
1984,The Transformers,Hasbro,Jazz,Meister,Autobot,-,1976 Martini Racing Porsche 935 Turbo,Autobot Car,"Martini (deliberately misspelt Martinii) team racing livery. Takara had previously released a Cosmo Porsche in 1977 under the Microman Command line, these came in red, blue and white.",Mainline,$9.95
1984,The Transformers,Hasbro,Mirage,Ligier,Autobot,-,Citanes JS11-F1 Racing Car,Autobot Car,"Citanes is a reworded ""Gitanes"" which are a brand of French cigarettes",Mainline,$9.95
1984,The Transformers,Hasbro,Prowl,Prowl,Autobot,-,Nissan Fairlady 280Z-T Police Car,Autobot Car,"Based on the Nissan Fairlady Z (S130), marketed internationally as the Datsun 280ZX. The livery is based on a Japanese Aichi Prefecture Highway Patrol cruiser rather than an American police car, despite featuring English ""POLICE"" and ""HIGHWAY PATROL"" door decals. The door shields originally retained Japanese characters (Keishicho) in Diaclone, which were altered to a stylized crest for Transformers. Early G1 releases retain the ""Datsun"" branding stamped into the rear bumper chrome and red plastic light bar brackets, later simplified to clear/red plastic.",Mainline,$9.95
1984,The Transformers,Hasbro,Ratchet,Ratchet,Autobot,-,Nissan Onebox Cherry Vanette ambulance,Autobot Car,"Ratchet was initially supposed to be a female character, the name is based on ""Nurse Rached"" from ""One Flew Over the Cuckoo's Nest"". The early versions of Ratchet feature a red cross on the van roof which is also depicted on the box art. This was later removed, potentially at the Red Cross' (international humanitarian aid group) as they are protective of their brand. As Ratchet did not have a head, there was a face sticker included to attach to the drivers seat.",Mainline,$9.95
1984,The Transformers,Hasbro,Sideswipe,Lambor,Autobot,-,Lamborghini Countach LP500S,Autobot Car,"Red Lamborghini Countach LP500S. Due to the similarities with Sunstreaker, their profiles were accidentlly switched.",Mainline,$9.95
1984,The Transformers,Hasbro,Skids,Skids,Autobot,-,Honda City Turbo,Autobot Car,"Honda City Turbo. Skids was released late 1984 although he was not advertised with the 1984 Autobot cars. There are two different versions of the box, one with a 1984 date and the other with a 1985 date and amended product code. Takara's 2002 reissue of Skids confirms the 1984 release date.",Mainline,$9.95
1984,The Transformers,Hasbro,Sunstreaker,Sunstreaker,Autobot,-,Lamborghini Countach LP500S,Autobot Car,"Lamborghini Countach LP500S based on Takaras ""Cosmo Countach"" from 1977 Microman Command. Due to the similarities with Sideswipe, their profiles were accidentlly switched.",Mainline,$9.95
1984,The Transformers,Hasbro,Trailbreaker,Trailbreaker,Autobot,-,Toyota Hilux 4WD Camper,Autobot Car,"Based on a third-generation 1978–1983 Toyota Hilux 4WD short-bed pickup truck fitted with a camper shell. Originating as Diaclone Car Robot No. 8, the real-world vehicle was famous for popularizing compact 4x4 off-roading globally. The toy features realistic yellow, orange, and red body striping typical of late 1970s custom Toyota trim packages, along with ""4WD"" factory branding molded into the front grille and tailgate.",Mainline,$9.95
1984,The Transformers,Hasbro,Wheeljack,Wheeljack,Autobot,-,1975 Lancia Stratos Turbo,Autobot Car,"Based on the Lancia Stratos which raced in the 1976 FIA Group 5. The livery was initially the red Marlboro (cigarette company). The  remaing #598 car (#599 was written off in the race) was repainted in the green Alitalia livery, an Itallian airline company, spelt ""Alitalla"" on the toy and numbered 539. The #539 car was driven to victory in the Giro D'Italia in 1977",Mainline,$9.95
1984,The Transformers,Hasbro,Brawn,Gong,Autobot,-,Jeep Wrangler,Minibot,"Dark green Jeep Wrangler, originally from Takaras Micro Change line. There is evidence to suggest Gears (along with Brawn, Windcharger & Huffer) came from the unreleased Knickerbocker ""Mysterians"" series and was named Jeepar. There is an ""M"" moulded on Brawn's bonnet which you could be excused for thinking it stands for ""Micro Change"" but this same stylised ""M"" appears on the ""Mysterian"" figures released by Marchon inc in 1984. Gears was unreleased in Japan.",Mainline,$2.99
1984,The Transformers,Hasbro,Bumblebee,Bumble,Autobot,-,Volkswagen Type-1 (VW Beetle),Minibot,"Based on a Choro-Q (aka Penny Racer) Volkswagen Type-1 (aka VW Beetle), originally from Takaras Micro Change line. A red version was also available in order to bulk up the toy line. The red version was also available in 1985.",Mainline,$2.99
1984,The Transformers,Hasbro,Cliffjumper,Cliff,Autobot,-,Porsche 924 Turbo,Minibot,"Based on a Choro-Q (aka Penny Racer) Porsche 924 Turbo, originally from Takaras Micro Change line. A yellow version was also available in order to bulk up the toy line. The yellow version was also available in 1985.",Mainline,$2.99
1984,The Transformers,Hasbro,Gears,Gears,Autobot,-,Pick-up Truck,Minibot,"Red & Blue Pick-Up Truck, originally from Takaras Micro Change line. There is evidence to suggest Gears (along with Brawn, Windcharger & Huffer) came from the unreleased Knickerbocker ""Mysterians"" series and was named Blazar. There is an ""M"" moulded on Gears bonnet which you could be excused for thinking it stands for ""Micro Change"" but this same stylised ""M"" appears on the ""Mysterian"" figures released by Marchon inc in 1984. Gears was unreleased in Japan.",Mainline,$2.99
1984,The Transformers,Hasbro,Huffer,Drag,Autobot,-,Semi-cab,Minibot,"Orange Semi-Cab, originally from Takaras Micro Change line. There is evidence to suggest Huffer (along with Brawn, Windcharger & Gears) came from the unreleased Knickerbocker ""Mysterians"" series and was named Truckar. There is an ""M"" moulded on Huffers cab door which you could be excused for thinking it stands for ""Micro Change"" but this same stylised ""M"" appears on the ""Mysterian"" figures released by Marchon inc in 1984.",Mainline,$2.99
1984,The Transformers,Hasbro,Windcharger,Charger,Autobot,-,Pontiac Firebird,Minibot,"Red Pontiac Firebird, originally from Takaras Micro Change line. There is evidence to suggest Windcharger (along with Brawn, Huffer & Gears) came from the unreleased Knickerbocker ""Mysterians"" series and was named Speedar.",Mainline,$2.99
1984,The Transformers,Hasbro,Bumper,-,Autobot,-,Mazda Familia XG1500,Minibot,"Based on a Choro-Q (aka Penny Racer) Mazda Familia XG1500. Not an official Transformer release, possibly used to bulk up the initial toy line as with the yellow Cliffjumper and red Bumblebee. Said to have been sold on both Cliffjumper or Bumblebee card but the only carded versions found have only been on Cliffjumpers backing card.",Mainline,$2.99
1984,The Transformers,Hasbro,Camshaft,Downshift,Autobot,-,Mazda RX-7,Omnibot,"Mail Away. Triple Changer - car mode, attack mode and robot mode. The Omnibots did not come with Tech Specs however it was later found that writer Bob Budiansky had written offical bios that were never used. Mail order through pamphlets ""Reinforcements From Cybertron!"" (offer ended 30/06/1985)",Mail Away,$5 & 4 Robot Points
1984,The Transformers,Hasbro,Downshift,Camshaft,Autobot,-,Toyota Celica Supra,Omnibot,"Mail Away. Triple Changer - car mode, attack mode and robot mode. The Omnibots did not come with Tech Specs however it was later found that writer Bob Budiansky had written offical bios that were never used. Mail order through pamphlets ""Reinforcements From Cybertron!"" (offer ended 30/06/1985)",Mail Away,$5 & 4 Robot Points
1984,The Transformers,Hasbro,Overdrive,Overdrive,Autobot,-,Ferrari Diablo,Omnibot,"Mail Away. Triple Changer - car mode, attack mode and robot mode. The Omnibots did not come with Tech Specs however it was later found that writer Bob Budiansky had written offical bios that were never used. Mail order through pamphlets ""Reinforcements From Cybertron!"" (offer ended 30/06/1985)",Mail Away,$5 & 4 Robot Points
1984,The Transformers,Hasbro,Powerdasher Jet,-,Autobot,-,Jet,Powerdashers,"Mail Away. Has Pull Back Motor. Unreleased in Japan. Mail order through pamphlets ""Reinforcements From Cybertron!"" (offer ended 30/06/1985). You could only tick the single Powerdasher option on the leaflet and you were randomly sent one of three styles. The jet form was the most common.",Mail Away,$3 & 2 Robot Points
1984,The Transformers,Hasbro,Powerdasher Drill,-,Autobot,-,Drill,Powerdashers,"Mail Away. Has Pull Back Motor. Unreleased in Japan. Mail order through pamphlets ""Reinforcements From Cybertron!"" (offer ended 30/06/1985). You could only tick the single Powerdasher option on the leaflet and you were randomly sent one of three styles. The jet form was the most common.",Mail Away,$3 & 2 Robot Points
1984,The Transformers,Hasbro,Powerdasher Car,-,Autobot,-,F-1 Car,Powerdashers,"Mail Away. Has Pull Back Motor. Unreleased in Japan. Mail order through pamphlets ""Reinforcements From Cybertron!"" (offer ended 30/06/1985). You could only tick the single Powerdasher option on the leaflet and you were randomly sent one of three styles. The jet form was the most common.",Mail Away,$3 & 2 Robot Points
1984,The Transformers,Hasbro,Time Warrior,-,Autobot,-,Wrist Watch,Watch,"Mail Away. Autobot logo watch. The logo splits in half to reveal the time. Mail order through pamphlets ""Reinforcements From Cybertron!"" (offer ended 30/06/1985)",Mail Away,$10 & 6 Robot Points
1984,The Transformers,Hasbro,Megatron,Megatron,Decepticon,-,Walther P-38 with extensions,Decepticon Leader,"Chromed Walther P-38 pistol with extensions. Based on the gun in the TV Show ""The Man From U.N.C.L.E"". Early versions maintained the spring firing mechanism but this was removed for later releases. Came with a stock, silencer, scope and infrared laser. The stock, scope and silencer have various combinations.",Mainline,$21.95
1984,The Transformers,Hasbro,Soundwave,Soundwave,Decepticon,-,Microcassette player,Communications,"""Soundwave And Condor Cassette Buzzsaw"". Soundwave comes packaged with Buzzsaw who transforms into a Microcassette which fits inside Soundwave. Soundwaves weapons double as AA batteries which can fit in his back when the belt clip is removed.",Mainline,$14.95
1984,The Transformers,Hasbro,Buzzsaw,Buzzsaw,Decepticon,-,Microcassette,Cassette,"""Soundwave And Condor Cassette Buzzsaw"". Soundwave comes packaged with Buzzsaw who transforms into a Microcassette which fits inside Soundwave. Buzzsaw is a gold repaint on Laserbeak, this colour scheme was only released in the Transformers series and did not appear in the original Micro Change line. ",Mainline,$14.95
1984,The Transformers,Hasbro,Laserbeak,Condor,Decepticon,-,Microcassette,Cassette,Microcassette 2-Pack. Laserbeak transforms into a red Condor,Mainline,$5.99
1984,The Transformers,Hasbro,Rumble,Rumble,Decepticon,-,Microcassette,Cassette,"Microcassette 2-Pack. Unlike the cartoon, the red cassette is Rumble. In the Japanese dub this mistake was corrected and the red cassette was renamed Rumble.",Mainline,$5.99
1984,The Transformers,Hasbro,Ravage,Jaguar,Decepticon,-,Microcassette,Cassette,Microcassette 2-Pack. Ravage transforms into a black jaguar.,Mainline,$5.99
1984,The Transformers,Hasbro,Frenzy,Frenzy,Decepticon,-,Microcassette,Cassette,"Microcassette 2-Pack. Unlike the cartoon, the blue cassette is Frenzy. In the Japanese dub this mistake as corrected and the blue cassette was renamed Frenzy. ",Mainline,$5.99
1984,The Transformers,Hasbro,Skywarp,Skywarp,Decepticon,-,McDonnell Douglas F-15 Jet,Decepticon Jet,The black and purple colours are new to the Transformers series and did not appear in the earlier Diaclone line. The tech spec number values were mixed up with Starscream on the box hence why Skywarps rank is 9,Mainline,$12.95
1984,The Transformers,Hasbro,Starscream,Starscream,Decepticon,-,McDonnell Douglas F-15 Jet,Decepticon Jet,"Red & grey jet. The tech spec number values were mixed up with Skywarp on the box, hence Starscreams rank of 5.",Mainline,$12.95
1984,The Transformers,Hasbro,Thundercracker,Thundecracker,Decepticon,-,McDonnell Douglas F-15 Jet,Decepticon Jet,"Based on the McDonnell Douglas F-15C Eagle air superiority fighter. Originating from Takara's 1983 Diaclone line as the ""Jet Robo F-15 Eagle Acrobat Type"", the blue metallic coloration was an official acrobatic team variant rather than a real-world military camouflage scheme. The toy retains the opening cockpit canopy designed to seat a tiny Diaclone magnetic pilot figure. Early 1984 releases featured a sharp, hard-plastic nosecone and unnumbered accessory sprues before being updated with a rounded rubber safety tip and modified mold stamps.",Mainline,$12.95
1985,The Transformers,Hasbro,Omega Supreme,Omega Supreme,Autobot,-,Defence Base & Tank,Defence,Defence Base & Tank. This is an electronic figure - robot could walk and tank could go round the track. The robot mode head module also flashes a red light. Redeco of Mechabot-1 from Toybox. Omega Sureme was unreleased in the UK due to the licensing of the mould to Grandstand for their Convertors range of toys. Unreleased in Japan,Mainline,$39.95
1985,The Transformers,Hasbro,Perceptor,Perceptor,Autobot,-,Microscope,Scientist,Transforms into a working microscope and a tank.,Mainline,$14.99
1985,The Transformers,Hasbro,Jetfire,Skyfire,Autobot,-,VF-1S Super Valkyrie,Guardian,"Macross Valkryie. Early releases had the Macross emblem on the wing. Hasbro acquired the rights from Takatoku Toys, designed by Shoji Kawamori. The designs were bought by Bandai forcing Hasbro to dramatically alter Jetfires cartoon model and rename the characer as Skyfire. Jetfire is a redeco of the 1983 1/55 VF-1S Super Valkyrie. Jetfire comes with armour which can attach to the jet mode and robot mode. Also features a GERWALK mode (Ground Effective Reinforcement of Winged Armament with Locomotive Knee-joint). Unreleased in Japan",Mainline,$27.95
1985,The Transformers,Hasbro,Blaster,Broadcast,Autobot,-,AM/FM stereo cassette deck,Communications,"Red & grey portable stereo. Early versions came with a removable cover on the reverse of the figure whch was a left over from the original Microchange mould. Blaster features ""working"" buttons under the opening cassette door, after pressing the play button youcan press stop to spring it back up and the eject button opens the cassette door. Sometimes the eject button won't work but this is easily fixable.",Mainline,$16.95
1985,The Transformers,Hasbro,Grimlock,Grimlock,Autobot,-,Tyrannosaurus Rex,Dinobot,Tyrannosaurus Rex. Early releases feature the 1984 box art and were possibly released late 1984 or early 1985,Mainline,$15.99
1985,The Transformers,Hasbro,Snarl,Snarl,Autobot,-,Stegosaurus,Dinobot,Stegosaurus. Early releases feature the 1984 box art and were possibly released late 1984 or early 1985,Mainline,$15.99
1985,The Transformers,Hasbro,Slag,Slag,Autobot,-,Triceratops,Dinobot,"Triceratops. There was also a variant released in Canada with a red face, white legs and a red rocket launcher. Early releases feature the 1984 box art and were possibly released late 1984 or early 1985",Mainline,$15.99
1985,The Transformers,Hasbro,Sludge,Sludge,Autobot,-,Brontosaurus,Dinobot,Brontosaurus. Early releases feature the 1984 box art and were possibly released late 1984 or early 1985,Mainline,$15.99
1985,The Transformers,Hasbro,Swoop,Swoop,Autobot,-,Pteranodon,Dinobot,Pteranodon. Early releases feature the 1984 box art and were possibly released late 1984 or early 1985. Swoop was the only Dinobot not to be released in the UK.,Mainline,$15.99
1985,The Transformers,Hasbro,Grapple,Grapple,Autobot,-,Truck Crane,Autobot Car,Orange Mitsubishi Fuso Crane with an extendable crane.,Mainline,$9.95
1985,The Transformers,Hasbro,Hoist,Hoist,Autobot,-,Toyota Hilux Wrecker Rig,Autobot Car,"Toyota Hilux Wrecker rig Tow Truck. The towing section can flip down and ""tow"" other Autobot cars. Early varient a came with ""WRECKER"" text on the side of the truck mode like the original Doaclone version however this was later removed.",Mainline,$9.95
1985,The Transformers,Hasbro,Inferno,Inferno,Autobot,-,Mitsubishi Fuso F-Series FT fire ladder truck,Autobot Car,Mitsubishi Fuso Fire Engine with an extendable ladder,Mainline,$9.95
1985,The Transformers,Hasbro,Red Alert,Alert,Autobot,-,Lamborghini Countach LP500s Fire Chief Car,Autobot Car,Lamborghini Countach LP500S Fire chief car. Redco of 1984 Sideswipe with an additional light bar on the car roof. The colour scheme was unique to the Transformers toy line,Mainline,$9.95
1985,The Transformers,Hasbro,Smokescreen,Smokescreen,Autobot,-,1979 Electramotive / Devendorf Team Datsun 280 ZX Turbo racer,Autobot Car,"Nissan Fairlady 280Z-T based on the Electramotive Datsun 280ZX driven by Don Devendorf. The original car was numbered 83, the Transformers version reversed this to 38",Mainline,$9.95
1985,The Transformers,Hasbro,Tracks,Tracks,Autobot,-,Chevrolet Corvette Stingray C3,Autobot Car,Chevrolet Corvette Stingray C3. Car mode and flight mode,Mainline,$9.95
1985,The Transformers,Hasbro,Roadbuster,Roadbuster,Autobot,-,4WD Armoured Vehicle,Deluxe Autobot,4wd Armoured Vehicle. Redeco of the AR Mugen Calibur from Dorvak (Takatoku Toys). Unreleased in Japan,Mainline,$19.99
1985,The Transformers,Hasbro,Whirl,Whirl,Autobot,-,Apache Helicopter,Deluxe Autobot,Apache Helicopter. Redeco of the MR Ovelon Gazzette from Dorvak (Takatoku Toys). Unreleased in Japan,Mainline,$19.99
1985,The Transformers,Hasbro,Bumblebee w/ Minispy,Bumble,Autobot,-,Volkswagen Type-1 (VW Beetle),Minibot,Repackaged 1984 vesion with Minispy,Mainline,$2.99
1985,The Transformers,Hasbro,Cliffjumper w/ Minispy,Cliff,Autobot,-,Porsche 924 Turbo,Minibot,Repackaged 1984 vesion with Minispy,Mainline,$2.99
1985,The Transformers,Hasbro,Gears w/ Minispy,Gears,Autobot,-,Pick-up Truck,Minibot,Repackaged 1984 vesion with Minispy,Mainline,$2.99
1985,The Transformers,Hasbro,Huffer w/ Minispy,Drag,Autobot,-,Semi-cab,Minibot,Repackaged 1984 vesion with Minispy,Mainline,$2.99
1985,The Transformers,Hasbro,Windcharger w/ Minispy,Charger,Autobot,-,Pontiac Firebird,Minibot,Repackaged 1984 vesion with Minispy,Mainline,$2.99
1985,The Transformers,Hasbro,Brawn w/ Minispy,Gong,Autobot,-,Jeep Wrangler,Minibot,Repackaged 1984 vesion with Minispy,Mainline,$2.99
1985,The Transformers,Hasbro,Beachcomber,Beachcomber,Autobot,-,Dune Buggy,Minibot,"Based on a Chenowth Navy Fast Attack Vehicle (FAV) / DPV (Desert Patrol Vehicle), a lightweight military dune buggy used by US Special Forces. Designed specifically for the 1985 Minibot assortment rather than repurposed from Micro Change, Beachcomber features a real rubber rear spare tire and a die-cast metal chest panel. His roll cage assembly is made of flexible PVC plastic to prevent snapping.",Mainline,$2.99
1985,The Transformers,Hasbro,Cosmos,Adams,Autobot,-,UFO,Minibot,"Based on an Adamski-style Flying Saucer, specifically inspired by the saucer designs popularized by UFO contactee George Adamski in the 1950s (notably the 1952 ""Venusian Scout Ship"" photos). Unlike the 1984 Minibots derived from Takara's Micro Change line, Cosmos was an original Hasbro/Takara creation designed specifically for Transformers.",Mainline,$2.99
1985,The Transformers,Hasbro,Powerglide,Powerglide,Autobot,-,A-10 Thunderbolt II,Minibot,"Based on the Fairchild Republic A-10 Thunderbolt II attack aircraft, commonly known as the ""Warthog"". To fit the small Minibot scale, the aircraft's proportions were heavily stylized with oversized rear turbofan engines and stubby wings.",Mainline,$2.99
1985,The Transformers,Hasbro,Seaspray,Seaspray,Autobot,-,Hovercraft,Minibot,"Based on a hovercraft, loosely modeled after the SR.N4 Mountbatten-class passenger hovercraft that operated across the English Channel. Another original Transformers design not originating from Micro Change, Seaspray features dual rear thruster turbines on swivel joints that rotate downward to act as heels in robot mode.",Mainline,$2.99
1985,The Transformers,Hasbro,Warpath,Warpath,Autobot,-,General Motors M551 Sheridan AR/AAV,Minibot,"General Motors M551 Sheridan AR/AAV. Designed specifically for the 1985 Minibot line, Warpath features a robot chest dominated by his vehicle mode's main tank turret and gun barrel. His tank treads are molded, non-functional plastic, relying on small hidden wheels underneath the chassis for rolling movement.",Mainline,$2.99
1985,The Transformers,Hasbro,Topspin,Topspin,Autobot,-,Tank,Jumpstarter,"Tank. Early versions had D.A.R on the wing stickers. Features a pull-back motor which when pulled back in vehicle mode and let go, the vehicle would dash forwards and then the figure would ""jump"" instantly transforming to a robot. ",Mainline,$6.99
1985,The Transformers,Hasbro,Twin Twist,Twin Twist,Autobot,-,Drill Tank,Jumpstarter,"Drill tank. Features a pull-back motor which when pulled back in vehicle mode and let go, the vehicle would dash forwards and then the figure would ""jump"" instantly transforming to a robot. Unreleased in Japan",Mainline,$6.99
1985,The Transformers,Hasbro,Mazda / MX-1,-,Autobot,-,Mazda / MX-1,Mini Spy,"Released on promotional card with the 1984 minibot rereleases to promote the rub signs. Released in white, blue & yellow. Unreleased in Japan",Promotional,-
1985,The Transformers,Hasbro,Jeep,-,Autobot,-,Jeep,Mini Spy,"Released on promotional card with the 1984 minibot rereleases to promote the rub signs. Released in white, blue & yellow. Unreleased in Japan",Promotional,-
1985,The Transformers,Hasbro,Dune Buggy,-,Autobot,-,Dune Buggy,Mini Spy,"Released on promotional card with the 1984 minibot rereleases to promote the rub signs. Released in white, blue & yellow. Unreleased in Japan",Promotional,-
1985,The Transformers,Hasbro,Porsche,-,Autobot,-,Porsche,Mini Spy,"Released on promotional card with the 1984 minibot rereleases to promote the rub signs. Released in white, blue & yellow. Unreleased in Japan",Promotional,-
1985,The Transformers,Hasbro,Autoceptor,Autoceptor,Autobot,-,Car,Watch,"Watch to Car and robot. Released in turquoise, red, black and grey. Released on US cardback under ""From The Kronoform Collection"" banner by Takara.",Mainline,$14.99
1985,The Transformers,Hasbro,Deceptor,-,Autobot,-,Jet,Watch,"Watch to Jet and robot. Came in Chromed Tan, grey or blue. Released on US cardback under ""From The Kronoform Collection"" banner by Takara. Unreleased in Japan",Mainline,$14.99
1985,The Transformers,Hasbro,Kaltor,-,Autobot,-,Calculator Watch,Watch,"Calculator Watch to robot. Came in Chrome or Black. Released on US cardback under ""From The Kronoform Collection"" banner by Takara. Unreleased in Japan",Mainline,$14.99
1985,The Transformers,Hasbro,Camshaft,Downshift,Autobot,-,Mazda RX-7,Omnibot,"Mail Away. Triple Changer - car mode, attack mode and robot mode. The Omnibots did not come with Tech Specs however it was later found that writer Bob Budiansky had written offical bios that were never used. Mail order through pamphlets ""The battle is far from over!"" (offer ended 30/06/1987); ""Look inside for a special offer"" (offer ended 30/06/1986); ""Earthlings, the S.T.A.R.S need your help now!"" (you could also purchase an Omnibot for $6.50 with no robot points or all 3 Omnibots for $12.50) & ""Have the Decepticons defeated us once and for all?"" (Purchase for $5 and 2 Robot Points or all 3 Omnobots for $12.50 with no Robot Points. Offer ended 30/06/1987)",Mail Away,$5 & 4 Robot Points
1985,The Transformers,Hasbro,Downshift,Camshaft,Autobot,-,Toyota Celica Supra,Omnibot,"Mail Away. Triple Changer - car mode, attack mode and robot mode. The Omnibots did not come with Tech Specs however it was later found that writer Bob Budiansky had written offical bios that were never used. Mail order through pamphlets ""The battle is far from over!"" (offer ended 30/06/1987); ""Look inside for a special offer"" (offer ended 30/06/1986); ""Earthlings, the S.T.A.R.S need your help now!"" (you could also purchase an Omnibot for $6.50 with no robot points or all 3 Omnibots for $12.50) & ""Have the Decepticons defeated us once and for all?"" (Purchase for $5 and 2 Robot Points or all 3 Omnobots for $12.50 with no Robot Points. Offer ended 30/06/1987)",Mail Away,$5 & 4 Robot Points
1985,The Transformers,Hasbro,Overdrive,Overdrive,Autobot,-,Ferrari Diablo,Omnibot,"Mail Away. Triple Changer - car mode, attack mode and robot mode. The Omnibots did not come with Tech Specs however it was later found that writer Bob Budiansky had written offical bios that were never used. Mail order through pamphlets ""The battle is far from over!"" (offer ended 30/06/1987); ""Look inside for a special offer"" (offer ended 30/06/1986); ""Earthlings, the S.T.A.R.S need your help now!"" (you could also purchase an Omnibot for $6.50 with no robot points or all 3 Omnibots for $12.50) & ""Have the Decepticons defeated us once and for all?"" (Purchase for $5 and 2 Robot Points or all 3 Omnobots for $12.50 with no Robot Points. Offer ended 30/06/1987)",Mail Away,$5 & 4 Robot Points
1985,The Transformers,Hasbro,Powerdasher Jet,-,Autobot,-,Jet,Powerdashers,"Mail Away. Has Pull Back Motor. Unreleased in Japan. Mail order through pamphlets ""The battle is far from over!"" (offer ended 30/06/1987) You could only tick the single Powerdasher option on the leaflet and you were randomly sent one of three styles. The jet form was the most common.",Mail Away,$3 & 2 Robot Points
1985,The Transformers,Hasbro,Powerdasher Drill,-,Autobot,-,Drill,Powerdashers,"Mail Away. Has Pull Back Motor. Unreleased in Japan. Mail order through pamphlets ""The battle is far from over!"" (offer ended 30/06/1987) You could only tick the single Powerdasher option on the leaflet and you were randomly sent one of three styles. The jet form was the most common.",Mail Away,$3 & 2 Robot Points
1985,The Transformers,Hasbro,Powerdasher Car,-,Autobot,-,F-1 Car,Powerdashers,"Mail Away. Has Pull Back Motor. Unreleased in Japan. Mail order through pamphlets ""The battle is far from over!"" (offer ended 30/06/1987) You could only tick the single Powerdasher option on the leaflet and you were randomly sent one of three styles. The jet form was the most common.",Mail Away,$3 & 2 Robot Points
1985,The Transformers,Hasbro,Time Warrior,-,Autobot,-,Wrist Watch,Watch,"Mail Away. Autobot logo watch. The logo splits in half to reveal the time. Mail order through the pamphlet ""Earthlings, the S.T.A.R.S need your help now!"" ($10 and 3 Robot Points or you could also purchase it for $12.25 with no robot points); ""The battle is far from over!"" (for $10 and 5 Robot Points; offer ended 30/06/1987); ",Mail Away,$10 & 3 Robot Points
1985,The Transformers,Hasbro,Mirage,Ligier,Autobot,-,Citanes JS11-F1 Racing Car,Autobot Car,"Sent in a plain cardboard box, toy packaged in a clear plastic bag. Came with a black and white Tech Spec. Available to order through the mail order pamphlet: ""Have the Decepticons defeated us once and for all?"" Offer expired 30/06/1987",Mail Away,$8 & 2 Robot Points
1985,The Transformers,Hasbro,Ratchet,Ratchet,Autobot,-,Nissan Onebox Cherry Vanette ambulance,Autobot Car,"Sent in a plain cardboard box, toy packaged in a clear plastic bag. Came with a black and white Tech Spec. Available to order through the mail order pamphlet: ""Have the Decepticons defeated us once and for all?"" Offer expired 30/06/1987",Mail Away,$8 & 2 Robot Points
1985,The Transformers,Hasbro,Wheeljack,Wheeljack,Autobot,-,1975 Lancia Stratos Turbo,Autobot Car,"Sent in a plain cardboard box, toy packaged in a clear plastic bag. Came with a black and white Tech Spec. Available to order through the mail order pamphlet: ""Have the Decepticons defeated us once and for all?"" Offer expired 30/06/1987",Mail Away,$8 & 2 Robot Points
1985,The Transformers,Hasbro,Sunstreaker,Sunstreaker,Autobot,-,Lamborghini Countach LP500S,Autobot Car,"Sent in a plain cardboard box, toy packaged in a clear plastic bag. Came with a black and white Tech Spec. Available to order through the mail order pamphlet: ""Have the Decepticons defeated us once and for all?"" Offer expired 30/06/1987",Mail Away,$8 & 2 Robot Points
1985,The Transformers,Hasbro,S.T.A.R.S Membership,S.T.A.R.S Member,Autobot,-,Play Set,Play Set,"Secret Transformers Autobot Rescue Squad Mail-Away. Came with cardboard control centre, iron on patches, poster, membership card and a Tech Spec Manual. Available to order through the leaflets: ""Earthlings, the S.T.A.R.S need your help now!""; ""Have the Decepticons defeated us once and for all?"" ",Mail Away,$6.50
1985,The Transformers,Hasbro,Cliffjumper,Cliff,Autobot,-,Porsche 924 Turbo,Minibot,"""Listen 'n Fun"" cassette pack featuring the audio story ""Sun Raid"". More commonly packaged with the yellow Cliffjumper variant than the standard red. Part of Hasbro's cross-line ""Listen 'n Fun"" audio series (also used for G.I. Joe and My Little Pony).",Cross Promotional,$6.97
1985,The Transformers,Hasbro,Pepsi Optimus Prime,Convoy,Autobot,-,White Freightliner Cabover Engine Tractor Trailer FLA 8664T,Leader,"Mail Away promotion with Pepsi soft drink cans. You Won a Prime if the ring-pull said WON underneath. Came with extra Pepsi stickers on box & stickers to apply on trailer. There is also a ""Pepsi-Cola"" variation. Canadian versions had large stickers covering the whole trailer side.",Cross Promotional,N/A
1985,The Transformers,Hasbro,Cookie Crisp Jazz,Meister,Autobot,-,1976 Martini Racing Porsche 935 Turbo,Autobot Car,"Cookie Crisp Cereal Mail Away. The cereal boxes came with Transformer stickers, if the sticker had ""You're a winner"" then you won a free Jazz. Alternatively you could clip 2 proof of purchase seals from a box and send off $3.95 for a Jazz figure. As with later Jazz releases there were no Martinii logos on the doors and stickers were blanked out - this was not produced solely for the Cookie Crisp Mail Away; came in plain box with instructions and a black & white tech spec. A few variants did keep the Martinii logo on the doors however the other stickers were still blanked out.",Cross Promotional,$3.95 & 2 Proof of Purchase Seals
1985,The Transformers,Hasbro,Shockwave,Laserwave,Decepticon,-,Flying Laser Gun,Military Operations,"Flying Laser Gun, electronic figure with 2 changeable sounds & flashing lights. Purple redeco of Astro Magnum from ToyCo",Mainline,$25.99
1985,The Transformers,Hasbro,Dirge,Dirge,Decepticon,-,Modified F-15 Fighting Eagle,Decepticon Jet,Blue redeco of 1985 Starscream with newly remoulded wings and weapons,Mainline,$12.95
1985,The Transformers,Hasbro,Ramjet,Ramjet,Decepticon,-,Modified F-15 Fighting Eagle,Decepticon Jet,Blue redeco of 1985 Starscream with newly remoulded wings  and weapons.,Mainline,$12.95
1985,The Transformers,Hasbro,Thrust,Thrust,Decepticon,-,Modified F-15 Fighting Eagle,Decepticon Jet,Blue redeco of 1985 Starscream with newly remoulded wings. Features the same weapons as the 1984 jets,Mainline,$12.95
1985,The Transformers,Hasbro,Bonecrusher,Bonecrusher,Decepticon,-,Bulldozer,Constructicon,Green Bulldozer. Combines with the other 5 Constructicons to form Devastator. Becomes Devastators left arm. In Bulldozer mode Devastators forearm attachs on the front with a missile accessory.,Mainline,$6.99
1985,The Transformers,Hasbro,Devastator,Devastar,Decepticon,-,Combiner,Constructicon,Constructicon giftset of all 6 Constructicon's,Mainline,$32.99
1985,The Transformers,Hasbro,Hook,Gren,Decepticon,-,Crane,Constructicon,Green Crane. Becomes Devastators chest. Devastators head assembly attaches in the middle of the crane to form a weapon.,Mainline,$6.99
1985,The Transformers,Hasbro,Long Haul,Long Haul,Decepticon,-,Dump Truck,Constructicon,Green Dump Truck. Becomes Devastators abdomen. Devastators hip and waist sections attach to dump truck mode to form a weapon.,Mainline,$6.99
1985,The Transformers,Hasbro,Mixmaster,Mixmaster,Decepticon,-,Cement Mixer,Constructicon,Green Cement Mixer truck. Becomes Devastators left leg. Devastators hand gun attaches to the truck mode.,Mainline,$6.99
1985,The Transformers,Hasbro,Scavenger,Scavenger,Decepticon,-,Power Shovel,Constructicon,Green Power Shovel. Becomes Devastators right arm. In shovel mode Devastators forearm attachs on the front with a missile accessory.,Mainline,$6.99
1985,The Transformers,Hasbro,Scrapper,Scrapper,Decepticon,-,Payloader,Constructicon,Green Payloader. Becomes Devastators right leg. Devastators chest plae attaches to the rear of the payloader mode to form a flying wing.,Mainline,$6.99
1985,The Transformers,Hasbro,Bombshell,Bombshell,Decepticon,-,Japanese rhinoceros beetle,Insecticon,"Based on a Japanese rhinoceros beetle (Allomyrina dichotoma). Originating from Takara's 1983 Diaclone line as the ""Insecter Robo Kabutron"", the original toy featured an orange torso canopy that opened to seat a tiny magnetic pilot figure—a leftover cavity retained in the Transformers release behind his head/cerebral shell. His head-mounted head-canon weapon original fired small plastic missiles in Japan, but was neutered with a non-firing spring mechanism for Western safety regulations.",Mainline,$4.97
1985,The Transformers,Hasbro,Kickback,Kickback,Decepticon,-,Grasshopper,Insecticon,"Based on a grasshopper (Caelifera). Released in Japan as the Diaclone ""Insecter Robo Batta-Man"", Kickback was designed with chromed wings and die-cast metal in his waist and internal joints. Like his wave-mates, the translucent yellow chest panel originally functioned as a cockpit cover for a pilot figure. ",Mainline,$4.97
1985,The Transformers,Hasbro,Shrapnel,Shrapnel,Decepticon,-,Stag Beetle,Insecticon,"Based on a stag beetle (Lucanidae). Derived from the Diaclone ""Insecter Robo Kuwagaten"", his signature large chrome pincer mandibles were designed to double as a weapon mount in beetle mode and shoulder antennae/pincers in robot mode. Early production runs featured sharp points on his chrome mandibles and gun accessories, which were later remolded with blunted tips for child safety.",Mainline,$4.97
1985,The Transformers,Hasbro,Astrotrain,Astrotrain,Decepticon,-,C62 Steam Locomotive / Space Shuttle Orbiter,Triple Changer,Transforms from robot to train and space shuttle. Astrotrain was a design that was unreleased from Takaras Diaclone series. Early prototypes of Astrotrain featured a dark grey shuttle and a purple train. The colours were altered before its release yet the box art and cartoon retained the colour pallette.,Mainline,$11.99
1985,The Transformers,Hasbro,Blitzwing,Blitzwing,Decepticon,-,Tank / MIG-25 Jet,Triple Changer,"Transforms from robot to tank and jet. Comes with x3 missiles, gun and sword.",Mainline,$11.99
1985,The Transformers,Hasbro,Barrage,Barrage,Decepticon,-,Rhinocerous beetle,Deluxe Insecticon,Rhinoceros beetle. Redeco of Beet Gadol from Beetras toyline. Unreleased in Japan,Mainline,$12.99
1985,The Transformers,Hasbro,Chop Shop,Chop Shop,Decepticon,-,Lamellicorn,Deluxe Insecticon,Lamellicorn. Redeco of Beet Gugal from Beetas toyline. Unreleased in Japan,Mainline,$12.99
1985,The Transformers,Hasbro,Ransack,Ransack,Decepticon,-,Locust,Deluxe Insecticon,Locust. Redeco of Beet Vadam from Beetras toyline. Unreleased in Japan,Mainline,$12.99
1985,The Transformers,Hasbro,Venom,Venom,Decepticon,-,Cicada,Deluxe Insecticon,Cicada. Redeco of Beet Zeguna from Beetras toyline. Unreleased in Japan,Mainline,$12.99
1985,The Transformers,Hasbro,Mazda / MX-1,-,Decepticon,-,Mazda / MX-1,Mini Spy,"Released on promotional card with the 1984 Minibot rereleases to promote the rub signs. Released in white, blue & yellow. Unreleased in Japan",Promotional,-
1985,The Transformers,Hasbro,Jeep,-,Decepticon,-,Jeep,Mini Spy,"Released on promotional card with the 1984 Minibot rereleases to promote the rub signs. Released in white, blue & yellow. Unreleased in Japan",Promotional,-
1985,The Transformers,Hasbro,Dune Buggy,-,Decepticon,-,Dune Buggy,Mini Spy,"Released on promotional card with the 1984 Minibot rereleases to promote the rub signs. Released in white, blue & yellow. Unreleased in Japan",Promotional,-
1985,The Transformers,Hasbro,Porsche,-,Decepticon,-,Porsche,Mini Spy,"Released on promotional card with the 1984 Minibot rereleases to promote the rub signs. Released in white, blue & yellow. Unreleased in Japan",Promotional,-
1985,The Transformers,Hasbro,Thundercracker,Thundercracker,Decepticon,-,McDonnell Douglas F-15 Jet,Decepticon Jet,"Sent in a plain cardboard box, toy packaged in a clear plastic bag. Came with a black and white Tech Spec. Available to order through the mail order pamphlet: ""Have the Decepticons defeated us once and for all?"" Offer expired 30/06/1987",Mail Away,$10 & 2 Robot Points
1985,Fight! Super Robot Lifeform Transformers,Takara,Convoy,Optimus Prime,Cybertron,01,White Freightliner Cabover Engine Tractor Trailer FLA 8664T,Leader,"Released June 1985. The Japanese release has four versions. The first version is an easy spot because there is no barcode on the rear of the box (pictured above). This version comes with a silver Buggy (Roller) without the 2 rear pegs, bloated fists and gun, and the silver missiles. The second version comes with a silver Buggy (Roller) without the 2 rear pegs, bloated fists and gun, and the silver missiles and the trailer features the metal plates. The rear of the box features the barcode. The third version has Buggy (Roller) without the 2 pegs moulded on the rear as per the original Diaclone release, the blue plastic in the trailer and on Buggy is also dark blue; it also includes the ""bloated"" fists and gun and it also comes with silver missiles.  The fourth version is similar to Hasbro's release with the pegs included with Buggy and the standard gun and fists. The powerful launcher within the trailer in all versions is retained. Despite these differences from Hasbro's version, the box photography depicts the Joustra / Hasbro's pre-rub sign Optimus Prime. Interestingly the box art is different from Hasbro's initial release for some reason, yet retains a similar pose.",Mainline,"¥3,900"
1985,Fight! Super Robot Lifeform Transformers,Takara,Hound,Hound,Cybertron,02,Mitsubishi J59 Jeep,Autobot,Released June 1985.,Mainline,"¥1,600"
1985,Fight! Super Robot Lifeform Transformers,Takara,Wheeljack,Wheeljack,Cybertron,03,Lancia Stratos Turbo,Autobot,Released June 1985,Mainline,"¥1,800"
1985,Fight! Super Robot Lifeform Transformers,Takara,Lambor,Sideswipe,Cybertron,04,Lamborghini Countach LP500s,Autobot,Released June 1985,Mainline,"¥1,600"
1985,Fight! Super Robot Lifeform Transformers,Takara,Alert,Red Alert,Cybertron,05,Lamborghini Countach LP500s Fire Chief Car,Autobot,Released June 1985,Mainline,"¥1,600"
1985,Fight! Super Robot Lifeform Transformers,Takara,Meister,Jazz,Cybertron,06,1976 Martini Racing Porsche 935 Turbo,Autobot,Released June 1985,Mainline,"¥1,800"
1985,Fight! Super Robot Lifeform Transformers,Takara,Ligier,Mirage,Cybertron,07,Ligier JS11 Formula 1 car,Autobot,Released June 1985,Mainline,"¥1,600"
1985,Fight! Super Robot Lifeform Transformers,Takara,Streak,Bluestreak,Cybertron,08,Datsun 280 ZX,Autobot,Released June 1985,Mainline,"¥1,800"
1985,Fight! Super Robot Lifeform Transformers,Takara,Prowl,Prowl,Cybertron,09,Datsun 280 ZX Police car,Autobot,Released June 1985,Mainline,"¥1,800"
1985,Fight! Super Robot Lifeform Transformers,Takara,Inferno,Inferno,Cybertron,10,Mitsubishi Fuso F-Series FT fire ladder truck,Autobot,Released June 1985,Mainline,"¥1,800"
1985,Fight! Super Robot Lifeform Transformers,Takara,Bumble,Bumblebee,Cybertron,11,Volkswagen Type-1 (VW Beetle),Minibot,Released June 1985. released in box,Mainline,¥500
1985,Fight! Super Robot Lifeform Transformers,Takara,Charger,Windcharger,Cybertron,12,Pontiac Firebird Trans Am,Minibot,Released June 1985. released in box,Mainline,¥500
1985,Fight! Super Robot Lifeform Transformers,Takara,Cliff,Cliffjumper,Cybertron,13,Porsche 924 Turbo,Minibot,Released June 1985. released in box,Mainline,¥500
1985,Fight! Super Robot Lifeform Transformers,Takara,Drag,Huffer,Cybertron,14,Semi cab,Minibot,Released June 1985. released in box,Mainline,¥500
1985,Fight! Super Robot Lifeform Transformers,Takara,Gong,Brawn,Cybertron,15,Jeep Wrangler,Minibot,Released June 1985. released in box,Mainline,¥500
1985,Fight! Super Robot Lifeform Transformers,Takara,Trailbreaker,Trailbreaker,Cybertron,25,Toyota Hilux 4WD Camper,Autobot,Released August 1985,Mainline,"¥1,800"
1985,Fight! Super Robot Lifeform Transformers,Takara,Grimlock,Grimlock,Cybertron,26,Tyrannosaurus Rex,Dinobot,Released August 1985,Mainline,"¥2,300"
1985,Fight! Super Robot Lifeform Transformers,Takara,Sludge,Sludge,Cybertron,27,Brontosaurus,Dinobot,Released August 1985,Mainline,"¥2,300"
1985,Fight! Super Robot Lifeform Transformers,Takara,Slag,Slag,Cybertron,28,Triceratops,Dinobot,Released August 1985,Mainline,"¥2,300"
1985,Fight! Super Robot Lifeform Transformers,Takara,Snarl,Snarl,Cybertron,29,Stegosaurus,Dinobot,Released August 1985,Mainline,"¥2,300"
1985,Fight! Super Robot Lifeform Transformers,Takara,Swoop,Swoop,Cybertron,30,Pteranodon,Dinobot,Released August 1985,Mainline,"¥2,300"
1985,Fight! Super Robot Lifeform Transformers,Takara,Broadcast,Blaster,Cybertron,38,AM/FM stereo cassette deck,Communications,Released October 1985,Mainline,"¥2,980"
1985,Fight! Super Robot Lifeform Transformers,Takara,Perceptor,Perceptor,Cybertron,39,Microscope / Tank,Scientist,Released October 1985,Mainline,"¥1,980"
1985,Fight! Super Robot Lifeform Transformers,Takara,Tracks,Tracks,Cybertron,44,Chevrolet Corvette Stingray,Autobot,Released November 1985,Mainline,"¥1,800"
1985,Fight! Super Robot Lifeform Transformers,Takara,Smokescreen,Smokescreen,Cybertron,45,Datsun 280 ZX Stock car,Autobot,Released November 1985,Mainline,"¥1,800"
1985,Fight! Super Robot Lifeform Transformers,Takara,Hoist,Hoist,Cybertron,46,Toyota Hilux Wrecker Rig,Autobot,Released November 1985,Mainline,"¥1,800"
1985,Fight! Super Robot Lifeform Transformers,Takara,Grapple,Grapple,Cybertron,47,Mitsubishi Fuso Crane,Autobot,Released November 1985,Mainline,"¥1,800"
1985,Fight! Super Robot Lifeform Transformers,Takara,Adams,Cosmos,Cybertron,86,UFO,Autobot,"Named ""Adams"" on the mail away leaflet however this was an unchanged Hasbro carded version. Offered as a mail order figure on a pamphlet with Transformer toys or through Transformers VAP VHS Video ""Become an official fan club member!!"" The VHS Video featuring the first 3 episodes of the cartoon had a Mail Away offer advertised on the underside of the VHS paper cover. ",Mail Away,¥500 & 2 Robot Points
1985,Fight! Super Robot Lifeform Transformers,Takara,Warpath,Warpath,Cybertron,87,General Motors M551 Sheridan AR/AAV,Autobot,"Hasbro carded version. Offered as a mail order figure on a pamphlet with Transformer toys or through Transformers VAP VHS Video ""Become an official fan club member!!"" The VHS Video featuring the first 3 episodes of the cartoon had a Mail Away offer advertised on the underside of the VHS paper cover. ",Mail Away,¥500 & 2 Robot Points
1985,Fight! Super Robot Lifeform Transformers,Takara,Autoceptor,Autoceptor,Cybertron,-,Car,Watchbot,"Transforms from wristwatch, car and robot. Available in red, grey, blue or black colours. This was an unchanged Hasbro carded version. Offered as a mail order figure on a pamphlet with Transformer toys or through Transformers VAP VHS Video ""Become an official fan club member!!"" The VHS Video featuring the first 3 episodes of the cartoon had a Mail Away offer advertised on the underside of the VHS paper cover. ",Mail Away,"¥2,500 & 6 Robot Points"
1985,Fight! Super Robot Lifeform Transformers,Takara,Convoy,Optimus Prime,Cybertron,VSX,Leader,Giftset,"Released October 1985. Giftset, Megatron has blue inner, not red. The Convoy included in this set is identical to the Convoy 01 release however Buggy does not have the two posts moulded on its rear much like the original Diaclone version and the missiles are black.",Mainline,"¥6,200"
1985,Fight! Super Robot Lifeform Transformers,Takara,Grimlock,Grimlock,Cybertron,VSY,Dinobot,Giftset,"Released October 1985. Giftset, comes with audio cassette & story book, Packaged in robot mode. The VSY set also contains a mail away postcard to enter a lucky draw, 100 winners would receive the Soundwave Cassette Player (Made by Durham Industries & licenced by Hasbro Bradley)",Mainline,"¥5,980"
1985,Fight! Super Robot Lifeform Transformers,Takara,Megatron,Megatron,Destron,16,Walther P-38 9mm Automatic Pistol,Leader,"Released June 1985. Matt grey colour, blue inner plastic, came with sword & silver gun & 2 sets of blue pellets. Firing mechanism intact. Based on the grey Microchange MC12 Walther P38.",Mainline,"¥2,300"
1985,Fight! Super Robot Lifeform Transformers,Takara,Soundwave,Soundwave,Destron,17,Microcassette Player,Communications,"Released June 1985. Came with Rumble, headphones & microphone. Cassette door has different mould - hinge attached to chrome buttons on his waist unlike the original Microchange MC10 Cassette Man mould with concealed hinge used for the western Soundwave.",Mainline,"¥2,980"
1985,Fight! Super Robot Lifeform Transformers,Takara,Rumble,Rumble,Destron,17,Microcassette,Cassettron,Came with Soundwave,Mainline,"¥2,980"
1985,Fight! Super Robot Lifeform Transformers,Takara,Frenzy,Frenzy,Destron,18,Microcassette,Cassettron,Released June 1985. Boxed. Came with cassette case,Mainline,¥780
1985,Fight! Super Robot Lifeform Transformers,Takara,Jaguar,Ravage,Destron,19,Microcassette,Cassettron,Released June 1985. Boxed. Came with cassette case,Mainline,¥780
1985,Fight! Super Robot Lifeform Transformers,Takara,Condor,Laserbeak,Destron,20,Microcassette,Cassettron,Released June 1985. Boxed. Came with cassette case,Mainline,¥780
1985,Fight! Super Robot Lifeform Transformers,Takara,Reflector,Reflector,Destron,21,Camera,Camera,"Spectro (Camera Shutter), Spyglass (Camera Flash cube) & Viewfinder (Camera Lens). Released June 1985",Mainline,"¥1,980"
1985,Fight! Super Robot Lifeform Transformers,Takara,Starscream,Starscream,Destron,22,McDonnell-Douglas F-15 Eagle jet,Jetron,Released June 1985,Mainline,"¥1,980"
1985,Fight! Super Robot Lifeform Transformers,Takara,Skywarp,Skywarp,Destron,23,McDonnell-Douglas F-15 Eagle jet,Jetron,Released June 1985,Mainline,"¥1,980"
1985,Fight! Super Robot Lifeform Transformers,Takara,Thundercracker,Thundercracker,Destron,24,McDonnell-Douglas F-15 Eagle jet,Jetron,Released June 1985,Mainline,"¥1,980"
1985,Fight! Super Robot Lifeform Transformers,Takara,Long Haul,Long Haul,Destron,31,Dumptruck,Buildron,Released September 1985,Mainline,¥980
1985,Fight! Super Robot Lifeform Transformers,Takara,Scrapper,Scrapper,Destron,32,Payloader,Buildron,Released September 1985,Mainline,¥980
1985,Fight! Super Robot Lifeform Transformers,Takara,Gren,Hook,Destron,33,Crane,Buildron,Released September 1985,Mainline,¥980
1985,Fight! Super Robot Lifeform Transformers,Takara,Mixmaster,Mixmaster,Destron,34,Cement Mixer Truck,Buildron,Released September 1985,Mainline,¥980
1985,Fight! Super Robot Lifeform Transformers,Takara,Scavenger,Scavenger,Destron,35,Power Shovel,Buildron,Released September 1985,Mainline,¥980
1985,Fight! Super Robot Lifeform Transformers,Takara,Bonecrusher,Bonecrusher,Destron,36,Bulldozer,Buildron,Released September 1985,Mainline,¥980
1985,Fight! Super Robot Lifeform Transformers,Takara,Devastar,Devastator,Destron,37,Combiner,Buildron,Released September 1985. Giftset,Mainline,"¥5,800"
1985,Fight! Super Robot Lifeform Transformers,Takara,Kickback,Kickback,Destron,40,Grasshopper,Insectron,Released October 1985,Mainline,¥880
1985,Fight! Super Robot Lifeform Transformers,Takara,Bombshell,Bombshell,Destron,41,Japanese rhinoceros beetle,Insectron,Released October 1985,Mainline,¥880
1985,Fight! Super Robot Lifeform Transformers,Takara,Shrapnel,Shrapnel,Destron,42,Stag Beetle,Insectron,Released October 1985,Mainline,¥880
1985,Fight! Super Robot Lifeform Transformers,Takara,Blitzwing,Blitzwing,Destron,43,Japanese Type 74 Tank & MIG-25 jet,Tripleron,Released November 1985,Mainline,"¥1,980"
1985,Fight! Super Robot Lifeform Transformers,Takara,Astrotrain,Astrotrain,Destron,48,C62 Steam Locomotive & Space Shuttle,Tripleron,"Released November 1985. White version released originally, then the standard western release was issued in October 1986 with Hasbro's box art. The tech Spec also included weapon description and number values",Mainline,"¥1,980"
1985,Fight! Super Robot Lifeform Transformers,Takara,Laserwave,Shockwave,Destron,49,Flying laser Gun,Defence,Released November 1985. Only had a small production number,Mainline,"¥3,980"
1985,Fight! Super Robot Lifeform Transformers,Takara,Megatron,Megatron,Destron,VSX,Walther P-38 9mm Automatic Pistol,Giftset,"Released October 1985. Versus set with Convoy, packaged in robot mode. Identical to the standard Megatron 16 release.",Mainline,"¥6,200"
1985,Fight! Super Robot Lifeform Transformers,Takara,Soundwave,Soundwave,Destron,VSY,Microcassette Player,Giftset,"Released October 1985. Giftset, comes with audio cassette & story book. Soundwave comes without headphones and microphone. The mould for Soundwave is the western release (hidden door hinge). The VSY set also contains a mail away postcard to enter a lucky draw, 100 winners would receive the Soundwave Cassette Player (Made by Durham Industries & licenced by Hasbro Bradley)",Mainline,"¥5,980"
1985,Fight! Super Robot Lifeform Transformers,Takara,Frenzy,Frenzy,Destron,VSY,Microcassette,Giftset,"Released October 1985. Giftset, comes with audio cassette & story book. Packaged in robot mode, Frenzy in cassette mode. The VSY set also contains a mail away postcard to enter a lucky draw, 100 winners would receive the Soundwave Cassette Player (Made by Durham Industries & licenced by Hasbro Bradley)",Mainline,"¥5,980"
1985,Fight! Super Robot Lifeform Transformers,Takara,Dirge,Dirge,Destron,97,McDonnell-Douglas F-15 Eagle jet,Jetron,"Mail Away US Release. Offered as a mail order figure on a pamphlet with Transformer toys or through Transformers VAP VHS Video ""Become an official fan club member!!"" The VHS Video featuring the first 3 episodes of the cartoon had a Mail Away offer advertised on the underside of the VHS paper cover. ",Mail Away,"¥1,980 & 4 Robot Points"
1986,The Transformers,Hasbro,Rodimus Prime,Rodimus Convoy,Autobot,-,Futuristic Van,Protector,Futuristic van. Cab separates from trailer which becomes a battle station. This was initially going to be a larger figure but was scaled down due to cost.,Mainline,$14.99
1986,The Transformers,Hasbro,Ultra Magnus,Ultra Magnus,Autobot,-,Car Carrier,City Commander,"Car Carrier. The cab is a white repaint of Optimus Prime. Combines with the trailer for a larger robot. Initial releases feature rubber tyres and painted robot faces. The later releases feature unpainted faces, plastic tyres, unchromed gas tanks, plastic feet on the smaller robot instead of diecast and the clear yellow  window was removed from the cab. The later releases were predominantly sold in Kay Bee stores in North America but were common in Europe.",Mainline,$24.96
1986,The Transformers,Hasbro,Metroplex,Metroflex,Autobot,-,City / Battle Station,Autobot City,"City & battle station, Comes with ""Six Gun"" (combined out of Metroplex's guns), ""Slammer"" (Tank) & ""Scamper"" (Car). Smaller combiner limbs can connect to Metroplex's arms and legs for an armoured mode. The combiner base modes of Silverbolt, Hot Spot, Onslaught and Motormaster can also connect up to Metroplex's city mode.",Mainline,$32.99
1986,The Transformers,Hasbro,Six-Gun,Six-Gun,Autobot,-,Metroplex's guns,Metroplex,Tower component / robot built from Metroplex's weapons,Mainline,$32.99
1986,The Transformers,Hasbro,Scamper,Scamper,Autobot,-,Six-wheeled sports car,Metroplex,Small robot that turns into a car. His arms detach and become roof mounted guns,Mainline,$32.99
1986,The Transformers,Hasbro,Slammer,Slammer,Autobot,-,Tank,Metroplex,Tank that transforms into a tower,Mainline,$32.99
1986,The Transformers,Hasbro,Sky Lynx,Sky Lynx,Autobot,-,Space Shuttle,Lieutenant,Space Shuttle and Transporter. The Space Shuttle can dock onto the Transporter. The Transporter is motorised and can roll forwards in this mode. The Shuttle transforms into a Dino Bird and the Transporter transforms into a Lynx mode. The Dinobord can combine and sit atop of the Lynx mode. The motorised Lynx mode can walk forwards. Unreleased in Japan. This was made by Toybox who also made Omega Supreme,Mainline,$39.99
1986,The Transformers,Hasbro,Wreck-Gar,Wreck-Gar,Autobot,-,Futuristic Motorbike,Junkion,Futuristic motorcycle,Mainline,$14.99
1986,The Transformers,Hasbro,Blurr,Blurr,Autobot,-,Futuristic Car,Autobot Car,Futuristic Car,Mainline,$11.99
1986,The Transformers,Hasbro,Hot Rod,Hot Rodimus,Autobot,-,Futuristic Race Car,Autobot Car,Initial versions had metal feet replaced with black plastic feet in later releases,Mainline,$11.99
1986,The Transformers,Hasbro,Kup,Chear,Autobot,-,Futuristic Pickup truck,Autobot Car,Futuristic pick-up truck,Mainline,$11.99
1986,The Transformers,Hasbro,Hubcap,Hubcap,Autobot,-,Porsche 924 Turbo,Minibot,"Yellow Porsche 924 turbo, redeco & slight remould of Cliffjumper which lacks the cars spoiler.",Mainline,$3.99
1986,The Transformers,Hasbro,Outback,Outback,Autobot,-,Jeep Wrangler,Minibot,"Jeep wrangler, remould & redeco from Brawn",Mainline,$3.99
1986,The Transformers,Hasbro,Pipes,Pipes,Autobot,-,Semi Cab,Minibot,"Dark Blue Camion truck cab, remould & redeco from Huffer. A White & blue Huffer mould was released in Holland and France on ""Pipes Card""",Mainline,$3.99
1986,The Transformers,Hasbro,Swerve,Werve,Autobot,-,Pick Up Truck,Minibot,"Maroon & white Pick-up truck, remould & redeco from Gear",Mainline,$3.99
1986,The Transformers,Hasbro,Tailgate,Tailgate,Autobot,-,Pontiac Firebird,Minibot,"White Pontiac firebird trans am, remould & redeco from Windcharger",Mainline,$3.99
1986,The Transformers,Hasbro,Wheelie,Wheelie,Autobot,-,Futuristic Car,Minibot,"Futuristic sports car. Like Rodimus Prime, this was initially going to be a larger figure but was scaled down to fit with the Minibots.",Mainline,$3.99
1986,The Transformers,Hasbro,Air Raid,Air Raider,Autobot,-,McDonnell Douglas F-15 Jet,Aerialbot,"A1. F-15 Eagle Jet, combines with Aerialbots to form Superion",Mainline,$3.99
1986,The Transformers,Hasbro,Fireflight,Firebolt,Autobot,-,F-4 Phantom Jet,Aerialbot,"A3. F-4 Phantom II Jet, combines with Aerialbots to form Superion",Mainline,$3.99
1986,The Transformers,Hasbro,Silverbolt,Silverbolt,Autobot,-,SST / Launch base,Aerialbot,"A5. Concorde SST (Super Sonic Travel) & base mode, combines with Aerialbots to form Superion. Base mode can connect to Metroplex",Mainline,$11.99
1986,The Transformers,Hasbro,Skydive,Skydive,Autobot,-,F-16 Falcon Jet,Aerialbot,"A2. F-16 Falcon Fighting Jet, combines with Aerialbots to form Superion",Mainline,$3.99
1986,The Transformers,Hasbro,Slingshot,Sling,Autobot,-,Harrier Jet,Aerialbot,"A4. AV-8B Harrier II Jet, combines with Aerialbots to form Superion",Mainline,$3.99
1986,The Transformers,Hasbro,Superion,Superion,Autobot,-,Combiner,Aerialbot,Giftset of all 5 Aerialbots,Mainline,$26.99
1986,The Transformers,Hasbro,Blades,Graze,Autobot,-,UH-1A Huey Helicopter,Protectobot,"P4. UH-1a Huey helicopter, combines with Protectobots to form Defensor",Mainline,$3.99
1986,The Transformers,Hasbro,Defensor,Guardian,Autobot,-,Combiner,Protectobot,Giftset of all 5 Protectobot,Mainline,$26.99
1986,The Transformers,Hasbro,First Aid,First Aid,Autobot,-,Ambulance Van,Protectobot,"P3. Ambulance van, combine with Protectobots to form Defensor",Mainline,$3.99
1986,The Transformers,Hasbro,Groove,Graze,Autobot,-,Honda Goldwing Motorcycle,Protectobot,"P2. Honda Goldwing motorcycle, combine with Protectobots to form Defensor",Mainline,$3.99
1986,The Transformers,Hasbro,Hot Spot,Hot Spot,Autobot,-,Fire Engine / Repair bay,Protectobot,"P5. Fire engine & base mode, combine with Protectobots to form Defensor. Base mode can connect to Metroplex",Mainline,$11.99
1986,The Transformers,Hasbro,Streetwise,Streetwise,Autobot,-,Nissan 300 ZX,Protectobot,"P1. Nissan 300zx turbo police cruiser, combine with Protectobots to form Defensor",Mainline,$3.99
1986,The Transformers,Hasbro,Eject,Eject,Autobot,-,Microcassette,Cassette,Microcassette transforms into a robot. Came in 2-pack with Ramhorn. Redeco of Rewind. Can fit in either Blaster (1985) or Soundwave 's (1984) chest,Mainline,$5.99
1986,The Transformers,Hasbro,Ramhorn,Armhorn,Autobot,-,Microcassette,Cassette,Microcassette transforms nto a mechanical rhino. Came in 2-pack with Eject. Can fit in either Blaster (1985) or Soundwave 's (1984) chest,Mainline,$5.99
1986,The Transformers,Hasbro,Rewind,Rewind,Autobot,-,Microcassette,Cassette,Microcassette. Came in 2-pack with Steeljaw. Redeco of Eject. Can fit in either Blaster (1985) or Soundwave 's (1984) chest,Mainline,$5.99
1986,The Transformers,Hasbro,Steeljaw,Steeljaw,Autobot,-,Microcassette,Cassette,Microcassette. Came in 2-pack with Rewind. Can fit in either Blaster (1985) or Soundwave 's (1984) chest,Mainline,$5.99
1986,The Transformers,Hasbro,Broadside,Broadside,Autobot,-,CVN Aircraft Carrier / Jet,Triple Changer,CNV aircraft carrier & jet,Mainline,$12.99
1986,The Transformers,Hasbro,Sandstorm,Sandstorm,Autobot,-,Dune Buggy & S-6Z helicopter,Triple Changer,Dune buggy & s-6z helicopter,Mainline,$12.99
1986,The Transformers,Hasbro,Springer,Sprung,Autobot,-,Futuristic Car & Helicopter,Triple Changer,Futuristic helicopter & car,Mainline,$12.99
1986,The Transformers,Hasbro,Mirage,Ligier,Autobot,-,Citanes JS11-F1 Racing Car,Autobot Car,"Sent in a plain cardboard box, toy packaged in a clear plastic bag. Came with a black and white Tech Spec. Available to order through the following mail order pamphlets: ""You have been chosen."" (Offer Expired 31/12/1987) & ""Can one boy, alone, hold back the evil Decepticons?""  (also available for $9.50 without Robot Points; Offer Expired 30/06/1987)",Mail Away,$8 & 2 Robot Points
1986,The Transformers,Hasbro,Ratchet,Ratchet,Autobot,-,Nissan Onebox Cherry Vanette ambulance,Autobot Car,"Sent in a plain cardboard box, toy packaged in a clear plastic bag. Came with a black and white Tech Spec. Available to order through the following mail order pamphlets: ""You have been chosen."" (Offer Expired 31/12/1987) & ""Can one boy, alone, hold back the evil Decepticons?""  (also available for $9.50 without Robot Points; Offer Expired 30/06/1987)",Mail Away,$8 & 2 Robot Points
1986,The Transformers,Hasbro,Wheeljack,Wheeljack,Autobot,-,1975 Lancia Stratos Turbo,Autobot Car,"Sent in a plain cardboard box, toy packaged in a clear plastic bag. Came with a black and white Tech Spec. Available to order through the following mail order pamphlets: ""You have been chosen."" (Offer Expired 31/12/1987) & ""Can one boy, alone, hold back the evil Decepticons?""  (also available for $9.50 without Robot Points; Offer Expired 30/06/1987)",Mail Away,$8 & 2 Robot Points
1986,The Transformers,Hasbro,Sunstreaker,Sunstreaker,Autobot,-,Lamborghini Countach LP500S,Autobot Car,"Sent in a plain cardboard box, toy packaged in a clear plastic bag. Came with a black and white Tech Spec. Available to order through the following mail order pamphlets: ""You have been chosen."" (Offer Expired 31/12/1987) & ""Can one boy, alone, hold back the evil Decepticons?""  (also available for $9.50 without Robot Points; Offer Expired 30/06/1987)",Mail Away,$8 & 2 Robot Points
1986,The Transformers,Hasbro,Camshaft,Downshift,Autobot,-,Mazda RX-7,Omnibot,"Sent in a plain cardboard box, toy packaged in a clear plastic bag. Available to order through the following mail order pamphlet: ""You have been chosen."" (Offer for Omnibots only Expired on the 31/03/1987, these were also offered for $12.50 for the set of 3 without Robot Points) The Omnibots did not come with Tech Specs however it was later found that writer Bob Budiansky had written offical bios that were never used.",Mail Away,$5 & 2 Robot Points
1986,The Transformers,Hasbro,Downshift,Camshaft,Autobot,-,Toyota Celica Supra,Omnibot,"Sent in a plain cardboard box, toy packaged in a clear plastic bag. Available to order through the following mail order pamphlet: ""You have been chosen."" (Offer for Omnibots only Expired on the 31/03/1987, these were also offered for $12.50 for the set of 3 without Robot Points) The Omnibots did not come with Tech Specs however it was later found that writer Bob Budiansky had written offical bios that were never used.",Mail Away,$5 & 2 Robot Points
1986,The Transformers,Hasbro,Overdrive,Overdrive,Autobot,-,Ferrari Diablo,Omnibot,"Sent in a plain cardboard box, toy packaged in a clear plastic bag. Available to order through the following mail order pamphlet: ""You have been chosen."" (Offer for Omnibots only Expired on the 31/03/1987, these were also offered for $12.50 for the set of 3 without Robot Points) The Omnibots did not come with Tech Specs however it was later found that writer Bob Budiansky had written offical bios that were never used.",Mail Away,$5 & 2 Robot Points
1986,The Transformers,Hasbro,S.T.A.R.S Membership,S.T.A.R.S Member,Autobot,-,Play Set,Play Set,"Secret Transformers Autobot Rescue Squad Mail-Away. Came with cardboard control centre, iron on patches, poster, membership card and a Tech Spec Manual. Available to order through the following mail order pamphlets: ""You have been chosen."" (Offer Expired 31/12/1987), ""Can one boy, alone, hold back the evil Decepticons?"" (Offer Expired 30/06/1987) & ""Go See ""The Transformers - The Movie"" Promotional Poster,  (this offer closed 31st December 1986)",Mail Away,$6.50
1986,The Transformers,Hasbro,Optimus Prime (Movie Edition),Convoy,Autobot,-,White Freightliner Cabover Engine Tractor Trailer FLA 8664T,Leader,"Movie Mail Away exclusive. Packaged in a brown mailer box and standard styrofoam insert. Came with a mini certificate of authenticity. Available to order through the promotion: ""Go See ""The Transformers - The Movie"" Promotional Poster. This offer closed 31st December 1986",Mail Away,$21.50 plus 5 Robot Points or 1 movie ticket stub
1986,The Transformers,Hasbro,Galvatron,Galvatron,Decepticon,-,Futuristic cannon / Pistol,City Commander,"ybertronian laser cannon & handgun, electronic, has lights and 3 sounds. Designed by Hideaki Yoke",Mainline,$24.99
1986,The Transformers,Hasbro,Cyclonus,Cyclonus,Decepticon,-,Futuristic Star Fighter,Decepticon Jet,Futuristic star fighter,Mainline,$11.99
1986,The Transformers,Hasbro,Scourge,Scourge,Decepticon,-,Futuristic Skiff,Decepticon Jet,Futuristic Skiff,Mainline,$11.99
1986,The Transformers,Hasbro,Trypticon,Dinosaurer,Decepticon,-,Decepticon City / Battle base,Decepticon City,"Battle Station & City with Full-Tilt & Brunt, electronic, can walk in robot mode and weapons move in base mode",Mainline,$49.99
1986,The Transformers,Hasbro,Full Tilt,Full Tilt,Decepticon,-,Futuristic car,Trypticon,"Transforms from car ro robot, forms Trypticons chest",Mainline,$49.99
1986,The Transformers,Hasbro,Brunt,Brunt,Decepticon,-,Futuristic tank,Trypticon,Transforms into a tank and tower,Mainline,$49.99
1986,The Transformers,Hasbro,Ratbat,Ratbat,Decepticon,-,Micro-cassette,Cassette,"Micro-cassette transforms into a bat, 2-pack w/ Frenzy",Mainline,$5.99
1986,The Transformers,Hasbro,Frenzy,Frenzy,Decepticon,-,Micro-cassette,Cassette,"Micro-cassette, 2-pack w/ Ratbat; gold weapon variation & plastic toes",Mainline,$5.99
1986,The Transformers,Hasbro,Gnaw,Gnaw,Decepticon,-,Shark Monster,Sharkticon,"Designated as a ""Sharkticon"", Gnaw features an original Cybertronian ""bipedal monster shark"" alt-mode created specifically for The Transformers: The Movie (1986) rather than mimicking a licensed terrestrial vehicle. The figure was designed to represent the army-builder guards serving Quintesson judges, complete with a tail that detaches to become a spiked mace weapon and a rifle.",Mainline,$14.99
1986,The Transformers,Hasbro,Octane,Octone,Decepticon,-,Tanker truck / 767 Jet,Triple Changer,"As a Decepticon Triple Changer, his vehicle modes are based on a Boeing 747 commercial airliner and a generic 18-wheel fuel tanker truck. Designed natively by Hasbro and Takara for the 1986 Transformers line (rather than ported over from Diaclone or Micro Change), Octane's transformation is notable for using his chrome jet tail fin as a hand-held shield, while the chrome tanker trailer panels fold out to form his Boeing 747 wings.",Mainline,$12.99
1986,The Transformers,Hasbro,Divebomb,Divebomb,Decepticon,-,Eagle,Predacon,Eagle. #4 Combines with fellow Predacons to become Predaking,Mainline,$11.99
1986,The Transformers,Hasbro,Headstrong,Headstrong,Decepticon,-,Rhinocerous,Predacon,Rhinoceros. #3 Combines with fellow Predacons to become Predaking,Mainline,$11.99
1986,The Transformers,Hasbro,Predaking,Predaking,Decepticon,-,Combiner,Predacon,Predacon combiner. Only released as a giftset in Japan,Mainline,-
1986,The Transformers,Hasbro,Rampage,Rampage,Decepticon,-,Tiger,Predacon,Tiger. #2 Combines with fellow Predacons to become Predaking,Mainline,$11.99
1986,The Transformers,Hasbro,Razorclaw,Razorclaw,Decepticon,-,Lion,Predacon,Lion. #1 Combines with fellow Predacons to become Predaking,Mainline,$11.99
1986,The Transformers,Hasbro,Tantrum,Tantrum,Decepticon,-,Bull,Predacon,Bison. #5 Combines with fellow Predacons to become Predaking,Mainline,$11.99
1986,The Transformers,Hasbro,Blast Off,Blast Off,Decepticon,-,Rockwell Space shuttle Orbiter,Combaticon,C3. Rockwell space shuttle orbiter. Combines with fellow Combaticons to become Bruticus.,Mainline,$3.99
1986,The Transformers,Hasbro,Brawl,Brawl,Decepticon,-,Leopard 1 Tank,Combaticon,C1. M1 Abrams MBT tank. Combines with fellow Combaticons to become Bruticus.,Mainline,$3.99
1986,The Transformers,Hasbro,Bruticus,Bruticus,Decepticon,-,Combiner,Combaticon,"Combaticon combiner of all 5 Combaticons, sold separately. Only released as a giftset in Japan and Italy.",Mainline,-
1986,The Transformers,Hasbro,Onslaught,Onslaught,Decepticon,-,Missile Truck / Cannon base,Combaticon,C5. Cannon truck & base mode. Combines with fellow Combaticons to become Bruticus. Base mode can connect to Trypticon & Metroplex,Mainline,$11.99
1986,The Transformers,Hasbro,Swindle,Swindle,Decepticon,-,Jeep (FMC XR311),Combaticon,C2. Jeep. Combines with fellow Combaticons to become Bruticus,Mainline,$3.99
1986,The Transformers,Hasbro,Vortex,Volter,Decepticon,-,Kaman Aerospace SH-2G super seasprite helicopter,Combaticon,C4. Kaman aerospace sh-2g super sea sprite helicopter. Combines with fellow Combaticons to become Bruticus.,Mainline,$3.99
1986,The Transformers,Hasbro,Breakdown,Breakdown,Decepticon,-,Lamborghini Countach LP500S,Stunticon,S2. Lamborghini Countach LP500s. Combines with fellow Stunticons to become Menasor,Mainline,$3.99
1986,The Transformers,Hasbro,Dead End,Dead End,Decepticon,-,Porsche 928S,Stunticon,S1. Porsche 928s. Combines with fellow Stunticons to become Menasor,Mainline,$3.99
1986,The Transformers,Hasbro,Drag Strip,Drag Stripe,Decepticon,-,Tyrell P-34 6 wheeler racer,Stunticon,S4. Tyrell p-34 six wheeler indy car. Combines with fellow Stunticons to become Menasor,Mainline,$3.99
1986,The Transformers,Hasbro,Menasor,Menasor,Decepticon,-,Combiner,Stunticon,Giftset of all 5 Stunticons,Mainline,$26.99
1986,The Transformers,Hasbro,Motormaster,Motormaster,Decepticon,-,Kenworth K100 Aerodyne cab & Trailer,Stunticon,S5. Kenworth k100 aerodyne tractor trailer & base mode. Combines with fellow Stunticons to become Menasor. Base mode can connect to Trypticon & Metroplex,Mainline,$11.99
1986,The Transformers,Hasbro,Wildrider,Wildrider,Decepticon,-,Ferrari 308 GTB-GTS Quattrovalvole,Stunticon,S3. Ferrari 308 GTB-GTS Quattrovalvole. Combines with fellow Stunticons to become Menasor,Mainline,$3.99
1986,The Transformers,Hasbro,Runabout,Runabout,Decepticon,-,Lotus Turbo Esprit,Battlecharger,"Black Lotus turbo esprit. Pull and go motor, can automatically transform",Mainline,$4.99
1986,The Transformers,Hasbro,Runamuck,Runamuck,Decepticon,-,Pontiac Firebird Trans Am,Battlecharger,"White Pontiac firebird trans am. Pull and go motor, can automatically transform",Mainline,$4.99
1986,The Transformers,Hasbro,Thundercracker,Thundercracker,Decepticon,-,McDonnell Douglas F-15 Jet,Decepticon Jet,"Sent in a plain cardboard box, toy packaged in a clear plastic bag. Came with a black and white Tech Spec. Available to order through the following mail order pamphlets: ""You have been chosen."" (Offer Expired 31/12/1987) & ""Can one boy, alone, hold back the evil Decepticons?""  (also available for $11.50 without Robot Points; Offer Expired 30/06/1987)",Mail Away,$10 & 2 Robot Points
1986,The Transformers,Hasbro,Reflector,Reflector,Decepticon,-,Camera,Camera,"Three individual robots, Spectro (Camera Shutter), Spyglass (Camera Flash Cube) & Viewfinder (Camera Lens), combine into a camera. Packaged in a white box & Styrofoam with a black & white tech spec. Available to order through the following mail order pamphlets: ""You have been chosen."" (Offer Expired 31/12/1987); ""Inside...a Transformer Not Sold in Any Store!"" (Offer Expired 30/09/1987) & ""Go See ""The Transformers - The Movie"" Promotional Poster (Offer Expired 31/12/1986) ",Mail Away,$10 & 2 Robot Points
1986,The Transformers,Hasbro,Megatron (Movie Edition),Megatron,Decepticon,-,Walther P-38 w/ extensions,Leader,"Movie Mail Away exclusive. Packaged in a brown mailer box and standard styrofoam insert. Came with a mini certificate of authenticity. Available to order through the ""Go See ""The Transformers - The Movie"" Promotional Poster. This offer closed 31st December 1986",Mail Away,$21.50 plus 5 Robot Points or 1 movie ticket stub
1986,Scramble City,Takara,Silverbolt,Silverbolt,Cybertron,C-50,SST / Launch base,Airbots,Released April 1986. Comes with built in spring launcher removed from western release,Mainline,"¥1,980"
1986,Scramble City,Takara,Skydive,Skydive,Cybertron,C-51,F-16 Falcon Jet,Airbots,Released April 1986.,Mainline,¥880
1986,Scramble City,Takara,Firebolt,Fireflight,Cybertron,C-52,F-4 Phantom Jet,Airbots,Released April 1986.,Mainline,¥880
1986,Scramble City,Takara,Sling,Slingshot,Cybertron,C-53,Harrier Jet,Airbots,Released April 1986.,Mainline,¥880
1986,Scramble City,Takara,Air Rider,Air Raid,Cybertron,C-54,McDonnell Douglas F-15 Jet,Airbots,Released April 1986.,Mainline,¥880
1986,Scramble City,Takara,Superion,Superion,Cybertron,C-55,Combiner,Airbots,Released April 1986. Giftset,Mainline,"¥5,500"
1986,Fight! Super Robot Lifeform Transformers,Takara,Bumble,Bumblebee,Cybertron,C-56,Volkswagen Type-1 (VW Beetle),Minibot,Released January 1986. released on card,Mainline,¥500
1986,Fight! Super Robot Lifeform Transformers,Takara,Hubcap,Hubcap,Cybertron,C-57,Porsche 924 Turbo,Minibot,Released January 1986.,Mainline,¥500
1986,Fight! Super Robot Lifeform Transformers,Takara,Weave,Swerve,Cybertron,C-58,Pick Up Truck,Minibot,Released January 1986.,Mainline,¥500
1986,Fight! Super Robot Lifeform Transformers,Takara,Outback,Outback,Cybertron,C-59,Jeep Wrangler,Minibot,Released January 1986.,Mainline,¥500
1986,Fight! Super Robot Lifeform Transformers,Takara,Pipes,Pipes,Cybertron,C-60,Semi Cab,Minibot,Released January 1986.,Mainline,¥500
1986,Fight! Super Robot Lifeform Transformers,Takara,Tailgate,Tailgate,Cybertron,C-61,Pontiac Firebird,Minibot,Released January 1986.,Mainline,¥500
1986,Fight! Super Robot Lifeform Transformers,Takara,Powerglide,Powerglide,Cybertron,C-62,A-10 Thunderbolt II,Minibot,"Released January 1986. The initial wave was released in a box, later releases were carded to match Hasbros",Mainline,¥500
1986,Fight! Super Robot Lifeform Transformers,Takara,Beachcomber,Beachcomber,Cybertron,C-63,Dune Buggy,Minibot,"Released January 1986. The initial wave was released in a box, later releases were carded to match Hasbros",Mainline,¥500
1986,Fight! Super Robot Lifeform Transformers,Takara,Seaspray,Seaspray,Cybertron,C-64,Hovercraft,Minibot,"Released January 1986. The initial wave was released in a box, later releases were carded to match Hasbros",Mainline,¥500
1986,Fight! Super Robot Lifeform Transformers,Takara,Steeljaw,Steeljaw,Cybertron,C-65,Microcassette,Cassettebot,Released March 1986,Mainline,¥680
1986,Fight! Super Robot Lifeform Transformers,Takara,Armhorn,Ramhorn,Cybertron,C-66,Microcassette,Cassettebot,Released March 1986,Mainline,¥680
1986,Fight! Super Robot Lifeform Transformers,Takara,Rewind,Rewind,Cybertron,C-67,Microcassette,Cassettebot,Released March 1986,Mainline,¥680
1986,Fight! Super Robot Lifeform Transformers,Takara,Eject,Eject,Cybertron,C-68,Microcassette,Cassettebot,Released March 1986,Mainline,¥680
1986,Scramble City,Takara,Ultra Magnus,Ultra Magnus,Cybertron,C-69,Car Carrier,City Commander,Released June 1986,Mainline,"¥3,980"
1986,Scramble City,Takara,Metroflex,Metroplex,Cybertron,C-70,City / Battle Station,Scramble City,Released April 1986. Only released with Plastic tyres and unchromed thighs,Mainline,"¥4,980"
1986,Scramble City,Takara,Hot Spot,Hot Spot,Cybertron,C-71,Fire Engine / Repair bay,Protectbot,Released June 1986,Mainline,"¥1,980"
1986,Scramble City,Takara,Graze,Blades,Cybertron,C-72,UH-1A Huey Helicopter,Protectbot,Released June 1986,Mainline,¥880
1986,Scramble City,Takara,Streetwise,Streetwise,Cybertron,C-73,Nissan 300 ZX,Protectbot,Released June 1986,Mainline,¥880
1986,Scramble City,Takara,Groove,Groove,Cybertron,C-74,Honda Goldwing Motorcycle,Protectbot,Released June 1986,Mainline,¥880
1986,Scramble City,Takara,First Aid,First Aid,Cybertron,C-75,Ambulance Van,Protectbot,Released June 1986,Mainline,¥880
1986,Scramble City,Takara,Guardian,Defensor,Cybertron,C-76,Combiner,Protectbot,Released June 1986. Giftset of all 5 Protectorbots,Mainline,"¥5,500"
1986,Fight! Super Robot Lifeform Transformers,Takara,Rodimus Convoy,Rodimus Prime,Cybertron,C-77,Futuristic Van,Leader,Released November 1986. Initialy planned to be a larger figure but was scaled down due to te value of the yen. Released with plastic feet,Mainline,"¥2,200"
1986,Fight! Super Robot Lifeform Transformers,Takara,Blurr,Blurr,Cybertron,C-79,Futuristic Car,Autobot,Released November 1986,Mainline,"¥1,500"
1986,Fight! Super Robot Lifeform Transformers,Takara,Wheelie,Wheelie,Cybertron,C-80,Futuristic Car,Minibot,Released November 1986,Mainline,¥500
1986,Fight! Super Robot Lifeform Transformers,Takara,Wreck-Gar,Wreck-Gar,Cybertron,C-81,Futuristic Motorbike,Junkion,Released November 1986,Mainline,"¥1,980"
1986,Fight! Super Robot Lifeform Transformers,Takara,Char,Kup,Cybertron,C-82,Pick Up Truck,Autobot,Released November 1986,Mainline,"¥1,400"
1986,Fight! Super Robot Lifeform Transformers,Takara,Sandstorm,Sandstorm,Cybertron,C-83,Dune Buggy & S-6Z helicopter,Triplebot,Released November 1986,Mainline,"¥1,980"
1986,Fight! Super Robot Lifeform Transformers,Takara,Sprung,Springer,Cybertron,C-84,Futuristic Car & Helicopter,Triplebot,Released November 1986,Mainline,"¥1,980"
1986,Fight! Super Robot Lifeform Transformers,Takara,Broadside,Broadside,Cybertron,C-85,CVN Aircraft Carrier / Jet,Triplebot,Released November 1986,Mainline,"¥2,200"
1986,Fight! Super Robot Lifeform Transformers,Takara,Sunstreaker,Sunstreaker,Cybertron,VSZ,Lamborghini Countach LP500S,Giftset,"Released September 1986. Giftset, Figures are packaged in Robot Mode. ",Mainline,"¥3,980"
1986,Fight! Super Robot Lifeform Transformers,Takara,Skids,Skids,Cybertron,VSZ,Honda City Turbo,Giftset,Released September 1986. Skids roof come unattached,Mainline,"¥3,980"
1986,Fight! Super Robot Lifeform Transformers,Takara,Convoy,Optimus Prime,Cybertron,Good Bye Convoy,White Freightliner Cabover Engine Tractor Trailer FLA 8664T,Giftset,"Released November 1986. Giftset with Convoy, Alert & Ligier. Convoy comes with a blue windscreen, the unbloated fists and gun of the Hasbro version; Buggy has the 2 pegs on the back end and the trailer now features the modified launcher. The combat robot in the trailer also has a blue cockpit. Came with a poster showing all the Cybertrons.",Mainline,"¥6,980"
1986,Fight! Super Robot Lifeform Transformers,Takara,Ligier,Mirage,Cybertron,Good Bye Convoy,Citanes JS11-F1 Racing Car,Giftset,Released November 1986.,Mainline,"¥6,980"
1986,Fight! Super Robot Lifeform Transformers,Takara,Alert,Red Alert,Cybertron,Good Bye Convoy,Lamborghini Countach LP500s Fire Chief Car,Giftset,Released November 1986.,Mainline,"¥6,980"
1986,Fight! Super Robot Lifeform Transformers,Takara,Downshift,Camshaft,Cybertron,-,Mazda RX-7,Double Changer,"Available to order through the following mail order Leaflet: ""Can we defeat the Destrons?"" Orders were live up until 31st March 1987. The name is swapped from Camshaft for the Japanese release. Had 2 box varients, an initial plain white box with black text and then a Blue rinsed box with characer artwork based on the toy.",Mail Away,¥980 & 2 Robot Points
1986,Fight! Super Robot Lifeform Transformers,Takara,Camshaft,Downshift,Cybertron,-,Toyota Celica Supra,Double Changer,"Available to order through the following mail order Leaflet: ""Can we defeat the Destrons?"" Orders were live up until 31st March 1987. The name is swapped from Downshift for the Japanese release. Had 2 box varients, an initial plain white box with black text and then a Blue rinsed box with characer artwork based on the toy.",Mail Away,¥980 & 2 Robot Points
1986,Fight! Super Robot Lifeform Transformers,Takara,Overdrive,Overdrive,Cybertron,-,Ferrari 512 Bbi,Double Changer,"Available to order through the following mail order Leaflet: ""Can we defeat the Destrons?"" Orders were live up until 31st March 1987. Had 2 box varients, an initial plain white box with black text and then a Blue rinsed box with characer artwork based on the toy.",Mail Away,¥980 & 2 Robot Points
1986,Fight! Super Robot Lifeform Transformers,Takara,Ratchet,Ratchet,Cybertron,99,Nissan Onebox Cherry Vanette ambulance,Autobot,"Available to order through the following mail order Leaflet: ""Can we defeat the Destrons?"" Orders were live up until 31st March 1987. Came in a Blue rinsed box with characer artwork based on the toy.",Mail Away,"¥1,700 & 4 Robot Points"
1986,Fight! Super Robot Lifeform Transformers,Takara,Adams ,Cosmos,Cybertron,86,UFO,Minibot,"Available to order through the following mail order Leaflet: ""Can we defeat the Destrons?"" Orders were live up until 31st March 1987. Hasbro Carded version",Mail Away,¥500 & 2 Robot Points
1986,Fight! Super Robot Lifeform Transformers,Takara,Warpath ,Warpath ,Cybertron,87,General Motors M551 Sheridan AR/AAV,Minibot,"Available to order through the following mail order Leaflet: ""Can we defeat the Destrons?"" Orders were live up until 31st March 1987. Hasbro Carded version",Mail Away,¥500 & 2 Robot Points
1986,Fight! Super Robot Lifeform Transformers,Takara,VHS Video,-,-,-,-,-,"Available to order through the following mail order Leaflet: ""Can we defeat the Destrons?"" Orders were live up until 31st March 1987",Mail Away,"¥3,000 & 2 Robot Points"
1986,Fight! Super Robot Lifeform Transformers,Takara,S.T.A.R.S Member,S.T.A.R.S Membership,Cybertron,-,Play Set,Play Set,"Available to order through the following mail order Leaflet: ""Can we defeat the Destrons?"" Orders were live up until 31st March 1987",Mail Away,"¥1,200"
1986,Fight! Super Robot Lifeform Transformers,Takara,Hot Rod,Hot Rodimus,Cybertron,-,Futuristic Race Car,Autobot,Gold plated Hotrod in a Hasbro box given as a gift to employees with partnership between Hasbro and Takara.,Exclusive,-
1986,Fight! Super Robot Lifeform Transformers,Takara,Ultra Magnus,Ultra Magnus,Cybertron,W-1,Watch,Watchbot,Non Transformable Watch in the shape of Ultra Magnus Robot Mode. Later released by Hasbro under the Generation 2 toy line in 1994,Merchandise,"¥2,800"
1986,Fight! Super Robot Lifeform Transformers,Takara,Superion,Superion,Cybertron,W-2,Watch,Watchbot,Non Transformable Watch in the shape of Ultra Magnus Robot Mode. Later released by Hasbro under the Generation 2 toy line in 1994,Merchandise,"¥2,800"
1986,Fight! Super Robot Lifeform Transformers,Takara,Defeat Dinosaurer Strategy Game,-,-,-,-,Decoy,"Board game with a box of Decoys. Cybertrons in Red & Destrons in Purple: Ratchet, Wheeljack, Convoy, Streak, Bumble, Ligier, Soundwave & Blitzwing",Merchandise,TBC
1986,Fight! Super Robot Lifeform Transformers,Takara,Cybertron Hero Collection #1,-,Cybertron,-,-,Decoy,"22 Figures in Red Silicone Rubber: Alert, Gong, Broadcast, Charger, Convoy, Grapple, Hoist, Hound, Drag, Inferno, Ironhide, Lambor, Ligier, Meister, Perceptor, Ratchet, Skids, Smokescreen, Streak, Sunstreaker, Swoop, Tracks, Wheeljack",Merchandise,TBC
1986,Fight! Super Robot Lifeform Transformers,Takara,Cybertron Hero Collection #3,-,Cybertron,-,-,Decoy,"9 Figures in Red Silicone Rubber: Bumble, Cliff, Grimlock, Prowl, Slag, Sludge, Snarl, Trailbreaker, Inferno",Merchandise,¥980
1986,Fight! Super Robot Lifeform Transformers,Takara,"Cybertron VS Destron Part 1 ""Mini Mini Collection""",-,-,-,-,Decoy,"11 Figures in Peach Silicone Rubber varies between: Inferno, Tracks, Grapple, Meister, Ironhide, Ratchet, Grimlock, Hoist, Sludge, Slag & Swoop or Blitzwing, Bombshell, Shrapnel, Kickback, Ravage, Megatron, Soundwave, Skywarp, Starscream, Thundercracker, Reflector. The set comes with a launcher.",Merchandise,TBC
1986,Fight! Super Robot Lifeform Transformers,Takara,Scramble Gun Set Part 1,-,Cybertron,-,-,Decoy,Vinyl Convoy (Soft Robo) with a role play gun and 4 random peach coloured decoys,Merchandise,TBC
1986,Fight! Super Robot Lifeform Transformers,Takara,Water Gun Set,-,Cybertron,-,-,Decoy,Peach Coloured Silicone Rubber Inferno & Meister Decoys with a non transformable Metroplex (Soft Robo) and a water pistol,Merchandise,TBC
1986,Fight! Super Robot Lifeform Transformers,Takara,Convoy Type,Optimus Prime,Cybertron,-,Trailer Truck,Stampbot,Transformable Super-Deformed style convoy with attached trailer,Merchandise,¥980
1986,Fight! Super Robot Lifeform Transformers,Takara,Magnus Type,Ultra Magnus,Cybertron,-,Trailer Truck,Stampbot,Same mould as Convoy Type with white redeco of cab.,Merchandise,¥980
1986,Fight! Super Robot Lifeform Transformers,Takara,Convoy,Optimus Prime,Cybertron,01,Trailer Truck,TF Alloy,"Smaller version of Convoy, transformable with a cardboard trailer. Manufactured by ""Seven"" subsidiary of Takara. The following year these style of figures would be rebranded as Transformer Jr's",Merchandise,¥480
1986,Fight! Super Robot Lifeform Transformers,Takara,Ultra Magnus,Ultra Magnus,Cybertron,C-69,Car Carrier,TF Alloy,"White redeco of TF Gokin Convoy with cardboard car carrier trailer. Manufactured by ""Seven"" subsidiary of Takara. The following year these style of figures would be rebranded as Transformer Jr's",Merchandise,¥480
1986,Fight! Super Robot Lifeform Transformers,Takara,Sunstreaker,Sunstreaker,Cybertron,-,Lamborghini Countach LP500S,Transform Block,"Completely yellow, no painted parts, have to disassemble to change to vehicle mode. Previously released in the Diaclone range. In TF Alloy (Jr) styled packaging. Manufactured by ""Seven"" subsidiary of Takara",Merchandise,TBC
1986,Fight! Super Robot Lifeform Transformers,Takara,Gears,Gears,Cybertron,-,Pick-up Truck,Plastic Model Kit,"Set A. Snap together plastic set. Transformable figures. In a VS set with Soundwave. Manufactured by ""Seven"" subsidiary of Takara. Available in 2 colours",Merchandise,¥350
1986,Fight! Super Robot Lifeform Transformers,Takara,Charger,Windcharger,Cybertron,-,Pontiac Firebird,Plastic Model Kit,"Set B. Snap together plastic set. In a set with Gong. Manufactured by ""Seven"" subsidiary of Takara. The Bios on the reverse mistakenly has Charger as #15 instead of #12 and Gong as #12 instead of #15. Available in 2 colours",Merchandise,¥350
1986,Fight! Super Robot Lifeform Transformers,Takara,Gong,Brawn,Cybertron,-,Jeep Wrangler,Plastic Model Kit,"Set B. Snap together plastic set. In a set with Charger. Gong (Brawn) has Bumble's head and transformation. Manufactured by ""Seven"" subsidiary of Takara. The Bios on the reverse mistakenly has Charger as #15 instead of #12 and Gong as #12 instead of #15. Available in 2 colours",Merchandise,¥350
1986,Fight! Super Robot Lifeform Transformers,Takara,Convoy,Optimus Prime,Cybertron,-,-,Vinyl Figure,"Sold with Megatron, Non Transformable figures on blister card",Merchandise,TBC
1986,Fight! Super Robot Lifeform Transformers,Takara,Metroflex,Metroplex,Cybertron,-,-,Vinyl Figure,Metroflex PVC (Soft Robo) with Cybertron insignia,Merchandise,TBC
1986,Fight! Super Robot Lifeform Transformers,Takara,Dart Game,-,Cybertron,-,-,Vinyl Figure,"Non Transformable vinyl Ultra Magnus wiith a dart board, suction darts and a wrist watch.",Merchandise,TBC
1986,Fight! Super Robot Lifeform Transformers,Takara,Convoy,Optimus Prime,Cybertron,-,-,Maruka Toys,"Rubber figure, came in yellow, red or green, made by Maruka Toys.",Merchandise,¥450
1986,Fight! Super Robot Lifeform Transformers,Takara,Electro Helmet,Electronic Helmet,Cybertron,-,-,Role Play,Takara ran a prize draw throughTV Magazine. You had to watch TV toy adverts to work out the missing 9-character Katakana keyword (which translated to Scramble City). You had to send answers in on a post card along with 1 Robot Point from a Scramble City box by the 31st July 1986 to be entered into the prize draw. 100 people won the helmet. This was an imported Nasta/Hasbro product.,Lucky Draw,-
1986,Fight! Super Robot Lifeform Transformers,Takara,Astrotrain,Astrotrain,Destron,48,C62 Steam Locomotive & Space Shuttle,Tripleron,Released October 1986. C62 Steam Locomotive & Space Shuttle. Tripleron. Rerelease with Hasbro's colour scheme and updated box art. The Tech Specs also included weapon description and number values as per the other 1986 releases.,Mainline,"¥1,980"
1986,Scramble City,Takara,Motormaster,Motormaster,Destron,D-50,Kenworth K100 Aerodyne cab & Trailer,Stuntron,Released April 1986. Kenworth k100 aerodyne tractor trailer. Comes with built in spring launcher removed from Hasbros release. Stuntron,Mainline,"¥1,980"
1986,Scramble City,Takara,Breakdown,Breakdown,Destron,D-51,Lamborghini Countach LP500S,Stuntron,Released April 1986. Lamborghini Countach LP500s. Stuntron,Mainline,¥880
1986,Scramble City,Takara,Drag Stripe,Dragstrip,Destron,D-52,Tyrell P-34 6 wheeler racer,Stuntron,Released April 1986. Tyrell p-34 six wheeler indy car. Stuntron,Mainline,¥880
1986,Scramble City,Takara,Wildrider,Wildrider,Destron,D-53,Ferrari 308 GTB-GTS Quattrovalvole,Stuntron,Released April 1986. Ferrari 308 GTB-GTS Quattrovalvole. Stuntron,Mainline,¥880
1986,Scramble City,Takara,Dead End,Dead End,Destron,D-54,Porsche 928S,Stuntron,Released April 1986. Porsche 928s. Stuntron,Mainline,¥880
1986,Scramble City,Takara,Menasor,Menasor,Destron,D-55,Combiner,Stuntron,Released April 1986. Giftset of all 5 Stuntrons,Mainline,"¥5,500"
1986,Fight! Super Robot Lifeform Transformers,Takara,Ramjet,Ramjet,Destron,D-56,Modified F-15 Fighting Eagle,Jetron,Released February 1986. Modified McDonnell Douglas F-15 Jet. Jetron,Mainline,"¥1,980"
1986,Fight! Super Robot Lifeform Transformers,Takara,Thrust,Thrust,Destron,D-57,Modified F-15 Fighting Eagle,Jetron,Released February 1986. Modified McDonnell Douglas F-15 Jet. Jetron,Mainline,"¥1,980"
1986,Fight! Super Robot Lifeform Transformers,Takara,Frenzy,Frenzy,Destron,D-58,Microcassette,Cassettron,Released March 1986. Rerelease of 18 Frenzy. Released on card. Microcassette to robot. Cassettron,Mainline,¥680
1986,Fight! Super Robot Lifeform Transformers,Takara,Jaguar,Ravage,Destron,D-59,Microcassette,Cassettron,Released March 1986. Rerelease of 19 Jaguar. Released on card. Microcassette to robot jaguar. Cassettron,Mainline,¥680
1986,Fight! Super Robot Lifeform Transformers,Takara,Condor,Laserbeak,Destron,D-60,Microcassette,Cassettron,Released March 1986. Rerelease of 20 Condor. Released on card. Microcassette to robot condor. Cassettron,Mainline,¥680
1986,Fight! Super Robot Lifeform Transformers,Takara,Ratbat,Ratbat,Destron,D-61,Microcassette,Cassettron,Released March 1986. Microcassette to robot bat. Cassettron,Mainline,¥680
1986,Scramble City,Takara,Galvatron,Galvatron,Destron,D-62,Futuristic Cannon / Pistol,City Commander,"Released June 1986. Futuristic laser cannon & handgun, electronic, has lights and 3 sounds",Mainline,"¥4,800"
1986,Scramble City,Takara,Dinosaurer,Trypticon,Destron,D-63,Decepticon City / Battle base,Dino Base,"Released October 1986. Comes with x2 attachment accessories which allow Motormaster and Onslaught to attach their base modes to Dinosaurer's city mode. Battle Station & City with Full Tilt & Brunt, electronic, can walk in robot mode and weapons move in base mode",Mainline,"¥6,980"
1986,Scramble City,Takara,Full Tilt,Full Tilt,Destron,D-63,Futuristic car,Dino Base,"Released October 1986. Comes with x2 attachment accessories which allow Motormaster and Onslaught to attach their base modes to Dinosaurer's city mode. Battle Station & City with Full Tilt & Brunt, electronic, can walk in robot mode and weapons move in base mode",Mainline,"¥6,980"
1986,Scramble City,Takara,Brunt,Brunt,Destron,D-63,Futuristic tank,Dino Base,"Released October 1986. Comes with x2 attachment accessories which allow Motormaster and Onslaught to attach their base modes to Dinosaurer's city mode. Battle Station & City with Full Tilt & Brunt, electronic, can walk in robot mode and weapons move in base mode",Mainline,"¥6,980"
1986,Scramble City,Takara,Onslaught,Onslaught,Destron,D-64,Missile Truck / Cannon base,Combatron,Released June 1986. Cannon truck. Comes with built in spring launcher removed from Hasbros release. Combatron,Mainline,"¥1,980"
1986,Scramble City,Takara,Blast Off,Blast Off,Destron,D-65,Rockwell Space shuttle Orbiter,Combatron,Released June 1986. Rockwell space shuttle orbiter. Combatron,Mainline,¥880
1986,Scramble City,Takara,Volter,Vortex,Destron,D-66,Kaman Aerospace SH-2G super seasprite helicopter,Combatron,Released June 1986. Kaman Aerospace SH-2G Super Sea Sprite Helicopter. Combatron,Mainline,¥880
1986,Scramble City,Takara,Brawl,Brawl,Destron,D-67,Leopard 1 Tank,Combatron,Released June 1986. M1 Abrams MBT Tank. Combatron,Mainline,¥880
1986,Scramble City,Takara,Swindle,Swindle,Destron,D-68,Jeep (FMC XR311),Combatron,Released June 1986. Jeep. Combatron,Mainline,¥880
1986,Scramble City,Takara,Bruticus,Bruticus,Destron,D-69,Combiner,Combatron,Released June 1986. Giftset of all 5 Combatrons. Only released in Japan and Italy through GiG.,Mainline,"¥5,500"
1986,Fight! Super Robot Lifeform Transformers,Takara,Cyclonus,Cyclonus,Destron,D-70,Futuristic Star Fighter,Jetron,Released November 1986. Futuristic Jet. Jetron,Mainline,"¥1,800"
1986,Fight! Super Robot Lifeform Transformers,Takara,Scourge,Scourge,Destron,D-71,Futuristic Skiff,Jetron,Released November 1986. Futuristic Jet. Jetron,Mainline,"¥1,800"
1986,Fight! Super Robot Lifeform Transformers,Takara,Octone,Octane,Destron,D-72,Tanker truck / 767 Jet,Tripleron,Released November 1986. Tanker truck & 767 jet. Tripleron,Mainline,"¥2,200"
1986,Fight! Super Robot Lifeform Transformers,Takara,Dirge,Dirge,Destron,97,Modified F-15 Fighting Eagle,Jetron,"Available to order through the following mail order Leaflet: ""Can we defeat the Destrons?"" Orders were live up until 31st March 1987. Sold in a Hasbro box",Mail Away,"¥1,980 & 4 Robot Points"
1986,Fight! Super Robot Lifeform Transformers,Takara,Devastar,Devastator,Destron,37,Combiner,Buildron,Mail-Away (unknown campaign). 6 retail Buildron boxes packaged together in a cardboard slipcase with purple rinsed artwork,Lucky Draw,-
1986,Fight! Super Robot Lifeform Transformers,Takara,Battlecharger,Battlecharger,Destron,-,Lotus Turbo Esprit,Battlecharger,"Distributed as a lucky-draw prize through the ""Cybertron Keyword Present"" campaign to celebrate the launch of Transformers 2010. The promotion required entrants to complete a partially filled name puzzle to reveal the new leader's full name (Rodimus Convoy). The lottery gave away 500 Battlechargers (only Runabout was depicted) and 50 ""Convoy VS Megatron"" VHS tapes.The campaign featured two separate entry methods that ran on completely different timelines:1. TV Magazine Promotion (Short Window): Featured as a print ad in the October 1986 issue of TV Magazine. It carried a fast, high-hype first-round deadline of October 31, 1986, to build mystery right before the new cartoon season debuted.2. Retail Leaflet Promotion (Extended Window): Packed as ""Convoy is Dead!"" leaflets inside boxed Transformers toys. Because retail store inventory lasted longer, this phase ran over a multi-month period from October 1986 until March 1987, allowing children who purchased toys during the Christmas season to call the automated phone hotline and mail entries until the final deadline on March 31, 1987.",Lottery,-
1986,Fight! Super Robot Lifeform Transformers,Takara,Voice Changer Enemy,Electronic Voice Changer,Destron,-,-,Role Play,"Distributed as a lucky-draw prize through the ""Cybertron Keyword Present"" campaign to celebrate the launch of Transformers 2010. The promotion required entrants to complete a partially filled name puzzle to reveal the new leader's full name (Rodimus Convoy). The lottery gave away 500 Battlechargers (only Runabout was depicted) and 50 ""Convoy VS Megatron"" VHS tapes.The campaign featured two separate entry methods that ran on completely different timelines:1. TV Magazine Promotion (Short Window): Featured as a print ad in the October 1986 issue of TV Magazine. It carried a fast, high-hype first-round deadline of October 31, 1986, to build mystery right before the new cartoon season debuted.2. Retail Leaflet Promotion (Extended Window): Packed as ""Convoy is Dead!"" leaflets inside boxed Transformers toys. Because retail store inventory lasted longer, this phase ran over a multi-month period from October 1986 until March 1987, allowing children who purchased toys during the Christmas season to call the automated phone hotline and mail entries until the final deadline on March 31, 1987.",Lottery,-
1986,Fight! Super Robot Lifeform Transformers,Takara,Megatron,Megatron,Destron,Good Bye Megatron,Walther P-38 9mm Automatic Pistol,Giftset,Released November 1986. With Megatron & Starscream; Megatron Comes with Fusion cannon & red inner of western release instead of blue. Came with a poster showing all the Destrons,Mainline,"¥4,480"
1986,Fight! Super Robot Lifeform Transformers,Takara,Starscream,Starscream,Destron,Good Bye Megatron,McDonnell Douglas F-15 Jet,Giftset,Released November 1986. With Megatron & Starscream.,Mainline,"¥4,480"
1986,Fight! Super Robot Lifeform Transformers,Takara,Buzzsaw,Buzzsaw,Destron,VSZ,Microcassette,Giftset,Released September 1986. Comes with Skids & Sunstreaker; weapons are attached to sprue,Mainline,"¥3,980"
1986,Fight! Super Robot Lifeform Transformers,Takara,Starscream,Starscream,Destron,-,McDonnell Douglas F-15 Jet,Jetron,Gold plated Starscream in a Hasbro box given as a gift to employees with partnership between Hasbro and Takara. Limited to ? pieces.,Exclusive,-
1986,Fight! Super Robot Lifeform Transformers,Takara,Galvatron,Galvatron,Cybertron,W-3,Watch,Watchbot,Non Transformable Watch in the shape of Galvatron Robot Mode. Later released by Hasbro under the Generation 2 toy line in 1994,Merchandise,"¥2,800"
1986,Fight! Super Robot Lifeform Transformers,Takara,Soundwave,Soundwave,Destron,17,Microcassette Player,TF Alloy,"Smaller version of Soundwave with opening chest and battery compartment. Manufactured by ""Seven"" subsidiary of Takara. The following year these style of figures would be rebranded as Transformer Jr's",Merchandise,¥480
1986,Fight! Super Robot Lifeform Transformers,Takara,Soundwave,Soundwave,Destron,17,Microcassette Player,Plastic Model Kit,"Set A. Snap together plastic set. Transformable figures. In a VS set with Gears. Manufactured by ""Seven"" subsidiary of Takara. Available in 2 colours",Merchandise,¥350
1986,Fight! Super Robot Lifeform Transformers,Takara,Reflector,Reflector,Destron,21,Camera,Plastic Model Kit,Set C. Snap together plastic set. Transformable figures. The three robots can either form one large camera or 2 smaller cameras unlike the original version. Available in 2 colours,Merchandise,¥350
1986,Fight! Super Robot Lifeform Transformers,Takara,Destron Hero Collection #2,-,Destron,-,-,Decoy,"22 Figures in Purple Silicone Rubber: Astrotrain, Blitzwing, Bonecrusher, Condor, Devastar, Gren, Jaguar, Kickback, Laserwave, Long Haul, Megatron, Mixmaster, Reflector, Rumble, Scavenger, Scrapper, Shrapnel, Skywarp, Soundwave, Starscream, Thundercracker",Merchandise,TBC
1986,Fight! Super Robot Lifeform Transformers,Takara,Megatron,Megatron,Destron,-,-,Vinyl Figure,"Sold with Convoy, Non Transformable figures on blister card",Merchandise,TBC
1986,Fight! Super Robot Lifeform Transformers,Takara,Megatron,Megatron,Destron,-,-,Maruka Toys,"Rubber figure, came in yellow, red or green, made by Maruka Toys.",Merchandise,¥450
1987,The Transformers,Hasbro,Blurr w/ Haywire,Blurr,Autobot,-,Futuristic Car,Targetmaster,"Futuristic Car, Nebulan Targetmaster partner Haywire transforms into weapon. Minor remould from the 1986 release to accommodate the Targetmaster partner",Mainline,11.99
1987,The Transformers,Hasbro,Kup w/ Recoil,Char,Autobot,-,Futuristic Pick Up Truck,Targetmaster,"Futuristic tow truck, Nebulan Targetmaster partner Recoil transforms into weapon. Minor remould from the 1986 release to accommodate the Targetmaster partner",Mainline,11.99
1987,The Transformers,Hasbro,Hot Rod w/ Firebolt,Hot Rodimus,Autobot,-,Futuristic Race Car,Targetmaster,"Futuristic race car, Nebulan Targetmaster partner Firebolt transforms into weapon. Minor remould from the 1986 release to accommodate the Targetmaster partner",Mainline,11.99
1987,The Transformers,Hasbro,Crosshairs w/ Pinpointer,Crosshairs,Autobot,-,Futuristic Off Road car,Targetmaster,"Futuristic Off Road car, Nebulan Targetmaster partner Pinpointer transforms into weapon",Mainline,9.99
1987,The Transformers,Hasbro,Sureshot w/ Spoilsport,Sureshot,Autobot,-,Futuristic Buggy,Targetmaster,"Futuristic buggy, Nebulan Targetmaster partner Spoilsport transforms into weapon",Mainline,9.99
1987,The Transformers,Hasbro,Pointblank w/ Peacemaker,Blanker,Autobot,-,Buggy,Targetmaster,"Futuristic racer, Nebulan Targetmaster partner Peacemaker transforms into weapon",Mainline,9.99
1987,The Transformers,Hasbro,Punch-Counterpunch,Double Agent,Autobot,-,Pontiac Fiero,Double Spy,"Pontiac Fiero, has a double robot mode, Punch is his Autobot mode whilst Counterpunch is his Decepticon persona.",Mainline,11.99
1987,The Transformers,Hasbro,Cloudraker,Cloudraker,Autobot,-,Futuristic Jet,Autobot Clone,"Sold as a set of 2 under the name ""Fastlane/Cloudraker"". Robot mode is identical to Fastlane but transforms into a jet. Has his own unique rubsign to differentiaite him from Fastlane in robot mode.",Mainline,13.99
1987,The Transformers,Hasbro,Fastlane,Fastlane,Autobot,-,Futuristic race car,Autobot Clone,"Sold as a set of 2 under the name ""Fastlane/Cloudraker"". Robot mode is identical to Cloudraker but transforms into a race car. Has his own unique rubsign to differentiaite him from Cloudraker in robot mode.",Mainline,13.99
1987,The Transformers,Hasbro,Doublecross,Doublecross,Autobot,-,2 headed dragon,Monsterbot,"2 headed dragon, has mechanism to produce sparks out of the monsters mouth",Mainline,14.99
1987,The Transformers,Hasbro,Grotusque,Grotus,Autobot,-,Winged Sabretooth tiger,Monsterbot,"Winged Sabretooth tiger, has mechanism to produce sparks out of the monsters mouth",Mainline,14.99
1987,The Transformers,Hasbro,Repugnus,Repug,Autobot,-,Insect Monster,Monsterbot,"Insect Monster, has mechanism to produce sparks out of the monsters mouth",Mainline,14.99
1987,The Transformers,Hasbro,Afterburner,Afterburner,Autobot,-,Futuristic Cycle,Technobot,TK1 Futuristic Cycle. Combines with fellow Technobots to form Computron,Mainline,3.99
1987,The Transformers,Hasbro,Computron,Computicon,Autobot,-,Combiner,Technobot,"Combiner Giftset of all 5 Technobots, identical to the individual releases.",Mainline,27.99
1987,The Transformers,Hasbro,Lightspeed,Lightspeed,Autobot,-,Futuristic race car,Technobot,TK4 Futuristic race car. Combines with fellow Technobots to form Computron,Mainline,3.99
1987,The Transformers,Hasbro,Nosecone,Nosecone,Autobot,-,Futuristic Drill Tank,Technobot,TK2 Futuristic Drill Tank. Combines with fellow Technobots to form Computron,Mainline,3.99
1987,The Transformers,Hasbro,Scattershot,Scattershot,Autobot,-,Futuristic Gun ship / Laser cannon,Technobot,TK5 Transforms into a Futuristic Gun ship & Laser cannon. Combines with fellow Technobots to form Computron,Mainline,11.99
1987,The Transformers,Hasbro,Strafe,Strafe,Autobot,-,Futuristic Jet,Technobot,TK3 Futuristic Jet. Combines with fellow Technobots to form Computron,Mainline,3.99
1987,The Transformers,Hasbro,Chase,Chase,Autobot,-,Ferrari Testarossa,Throttlebot,"Red Ferrari Testarossa, pull-back motor",Mainline,3.99
1987,The Transformers,Hasbro,Freeway,Runway,Autobot,-,Chevrolet Corvette,Throttlebot,"Blue Chevrolet Corvette, pull-back motor",Mainline,3.99
1987,The Transformers,Hasbro,Goldbug,Goldback,Autobot,-,VW Beetle,Throttlebot,"Gold VW Beetle, pull-back motor",Mainline,3.99
1987,The Transformers,Hasbro,Rollbar,Rollbar,Autobot,-,Jeep CJ-7,Throttlebot,"Jeep CJ-7, pull-back motor",Mainline,3.99
1987,The Transformers,Hasbro,Searchlight,Looklight,Autobot,-,Ford RS200 rally car,Throttlebot,"White Ford RS200 rally car, pull-back motor",Mainline,3.99
1987,The Transformers,Hasbro,Wideload,Wideload,Autobot,-,Dump Truck,Throttlebot,"Dump truck, pull-back motor",Mainline,3.99
1987,The Transformers,Hasbro,Fortress Maximus,Fortress Maximus,Autobot,-,Autobot base / battle station,Headmaster Autobot Base,"Autobot base & Battleship Comes with Cerebros, Spike, Gasket & Grommet. Gasket and Grommet combine to form the robot Cog. Fortress Maximus stands two feet tall and was the largest Transformer up until the release of Transformers Generations Metroplex in 2013.",Mainline,89.99
1987,The Transformers,Hasbro,Cerebros,Fortress,Autobot,-,Fortress Maximus' head & Computer station,Headmaster Autobot Base,Cerebros transforms into a computer mainframe and Fortress Maximus' head.,Mainline,89.99
1987,The Transformers,Hasbro,Spike,Fort,Autobot,-,Cerebros' Head,Headmaster Autobot Base,Spike transforms into the head of Cerebros. Spike is the same size as the other Headmasters such as Arcana and as such they are all interchangable.,Mainline,89.99
1987,The Transformers,Hasbro,Gasket,Gasket,Autobot,-,Armoured Buggy,Headmaster Autobot Base,Vehicle mode in an armoured buggy. Combines with Grommet to form the robot Cog,Mainline,89.99
1987,The Transformers,Hasbro,Grommet,Grommet,Autobot,-,Armoured Tank,Headmaster Autobot Base,Vehicle mode is an armoured tank. Combines with Gasket to form the robot Cog,Mainline,89.99
1987,The Transformers,Hasbro,Cog,Cog,Autobot,-,Tank & Buggy,Headmaster Autobot Base,Cog is the combination of Gasket and Grommet,Mainline,89.99
1987,The Transformers,Hasbro,Brainstorm w/ Arcana,Brainstorm,Autobot,-,Futuristic Jet,Headmaster,"Futuristic Jet, Nebulan Headmaster partner Arcana transforms into head",Mainline,14.99
1987,The Transformers,Hasbro,Chromedome w/ Stylor,Chromedome,Autobot,-,Futuristic Car,Headmaster,"Futuristic Car, Nebulan Headmaster partner Stylor transforms into head",Mainline,14.99
1987,The Transformers,Hasbro,Hardhead w/ Duros,Hardhead,Autobot,-,Futuristic Tank,Headmaster,"Futuristic Tank, Nebulan Headmaster partner Duros transforms into head",Mainline,14.99
1987,The Transformers,Hasbro,Highbrow w/ Gort,Highbrow,Autobot,-,Futuristic Helicopter,Headmaster,"Futuristic Helicopter, Nebulan Headmaster partner Gort transforms into head",Mainline,14.99
1987,The Transformers,Hasbro,Optimus Prime,Convoy,Autobot,-,White Freightliner Cabover Engine Tractor Trailer FLA 8664T,Leader,"Sent in styrofoam and a plain cardboard box & came with a black and white Tech Spec. Available to order through the following mail order pamphlet: ""Rodimus Prime remembers the Transformers greatest battle on Earth."" (Offer Expired 30/06/1988)",Mail Away,$21.50 & 5 Robot Points
1987,The Transformers,Hasbro,Wheeljack,Wheeljack,Autobot,-,1975 Lancia Stratos Turbo,Autobot Car,"Sent in a plain box and toy packaged in a clear plastic bag with a black and white tech spec. Available to order through the pamphlets: ""Rodimus Prime remembers the Transformers greatest battle on Earth."" (Offer Expired 30/06/1988)   & ""Transformers Combat Data""  (Offer Expired 31/12/1988).",Mail Away,$8 & 2 Robot Points
1987,The Transformers,Hasbro,Mirage,Ligier,Autobot,-,Citanes JS11-F1 Racing Car,Autobot Car,"Sent in a plain box and toy packaged in a clear plastic bag with a black and white tech spec. Available to order through the pamphlets: ""Rodimus Prime remembers the Transformers greatest battle on Earth."" (Offer Expired 30/06/1988)   & ""Transformers Combat Data""  (Offer Expired 31/12/1988).",Mail Away,$8 & 2 Robot Points
1987,The Transformers,Hasbro,Ratchet,Ratchet,Autobot,-,Nissan Onebox Cherry Vanette ambulance,Autobot Car,"Sent in a plain box and toy packaged in a clear plastic bag with a black and white tech spec. Available to order through the pamphlets: ""Rodimus Prime remembers the Transformers greatest battle on Earth."" (Offer Expired 30/06/1988)   & ""Transformers Combat Data""  (Offer Expired 31/12/1988).",Mail Away,$8 & 2 Robot Points
1987,The Transformers,Hasbro,Sunstreaker,Sunstreaker,Autobot,-,Lamborghini Countach LP500S,Autobot Car,"Sent in a plain box and toy packaged in a clear plastic bag with a black and white tech spec. Available to order through the pamphlets: ""Rodimus Prime remembers the Transformers greatest battle on Earth."" (Offer Expired 30/06/1988)   & ""Transformers Combat Data""  (Offer Expired 31/12/1988).",Mail Away,$8 & 2 Robot Points
1987,The Transformers,Hasbro,Cliffjumper,Cliff,Autobot,-,Porsche 924 Turbo,Minibot,"This was actually a Hubcap figure with Cliffjumpers instructions. Available to order through the following mail order pamphlets: ""Rodimus Prime remembers the Transformers greatest battle on Earth."" (Offer Expired 30/06/1988) & ""Transformers Combat Data""  (Offer Expired 31/12/1988). With both Mail Away offerings, all 3 Minibots were also available to purchase in a set of 3 for $9.50 and 1 Robot Point.",Mail Away,$4 & 1 Robot Point
1987,The Transformers,Hasbro,Cosmos,Adams,Autobot,-,UFO,Minibot,"Packaged in a clear plastic bag with instructions. Available to order through the following mail order pamphlets: ""Rodimus Prime remembers the Transformers greatest battle on Earth."" (Offer Expired 30/06/1988) & ""Transformers Combat Data""  (Offer Expired 31/12/1988). With both Mail Away offerings, all 3 Minibots were also available to purchase in a set of 3 for $9.50 and 1 Robot Point.",Mail Away,$4 & 1 Robot Point
1987,The Transformers,Hasbro,Warpath,Warpath,Autobot,-,General Motors M551 Sheridan AR/AAV,Minibot,"Packaged in a clear plastic bag with instructions. Available to order through the following mail order pamphlets: ""Rodimus Prime remembers the Transformers greatest battle on Earth."" (Offer Expired 30/06/1988) & ""Transformers Combat Data""  (Offer Expired 31/12/1988). With both Mail Away offerings, all 3 Minibots were also available to purchase in a set of 3 for $9.50 and 1 Robot Point.",Mail Away,$4 & 1 Robot Point
1987,The Transformers,Hasbro,S.T.A.R.S Membership,S.T.A.R.S Member,Autobot,-,Play Set,Play Set,"Secret Transformers Autobot Rescue Squad Mail-Away. Came with cardboard control centre, iron on patches, poster, membership card and a Tech Spec Manual. Available to order through the following mail order pamphlets: ""Rodimus Prime remembers the Transformers greatest battle on Earth."" (Offer Expired 30/06/1988) & ""Transformers Combat Data""  (Offer Expired 31/12/1988)",Mail Away,$5.00
1987,The Transformers,Hasbro,Scorponok,Mega Zarak,Decepticon,-,Scorpion & Base,Headmaster Base,Scorpion & Base comes with Fasttrack who transforms from robot to tank. Headmaster partner: Lord Zarak.,Mainline,$39.99
1987,The Transformers,Hasbro,Lord Zarak,Zarak,Decepticon,-,Scorponoks Head,Headmaster Base,Transforms into Scorponoks head,Mainline,$39.99
1987,The Transformers,Hasbro,Fasttrack,Fasttrack,Decepticon,-,Armoured Tank,Headmaster Base,Transforms from robot to 6 wheeled armoured tank,Mainline,$39.99
1987,The Transformers,Hasbro,Sixshot,Sixshot,Decepticon,-,Six Changer,Six Changer,"Transforms between 6 different modes and a ""hidden"" seventh: Robot / Starfighter Jet / Tank / Laser Pistol / Wolf / Armoured Carrier and the seventh: Winged Wolf",Mainline,$34.99
1987,The Transformers,Hasbro,Blot,Blot,Decepticon,-,Monster,Terrorcon,TR4 Monster. Combines with fellow Terrorcons to form Abominus,Mainline,$3.99
1987,The Transformers,Hasbro,Cutthroat,Cutthroat,Decepticon,-,Pteranodon Monster,Terrorcon,TR3 Pteradon monster. Combines with fellow Terrorcons to form Abominus,Mainline,$3.99
1987,The Transformers,Hasbro,Hun-Gurrr,Hun-Grur,Decepticon,-,Double Headed Dragon,Terrorcon,TR5 2 headed dragon & 'Base' mode. Combines with fellow Terrorcons to form Abominus,Mainline,$11.99
1987,The Transformers,Hasbro,Rippersnapper,Rippersnapper,Decepticon,-,Shark Monster,Terrorcon,TR1 Land shark. Combines with fellow Terrorcons to form Abominus,Mainline,$3.99
1987,The Transformers,Hasbro,Sinnertwin,Sinnertwin,Decepticon,-,Two Headed Beast,Terrorcon,TR2 Two headed hell hound. Combines with fellow Terrorcons to form Abominus,Mainline,$3.99
1987,The Transformers,Hasbro,Abominus,Abominus,Decepticon,-,Combiner,Terrorcon,The giftset of all 5 Terrorcons was only available in Japan (Takara) & Italy (GiG).,Mainline,-
1987,The Transformers,Hasbro,Apeface,Apeface,Decepticon,-,Jet & Gorilla,Headmaster Horrorcon,"Futuristic Jet / Gorilla, Nebulan Headmaster partner Spazma transforms into head",Mainline,$14.99
1987,The Transformers,Hasbro,Snapdragon,Snapdragon,Decepticon,-,Jet & Dragon,Headmaster Horrorcon,"Futuristic Jet / Dragon, Nebulan Headmaster partner Krunk transforms into head",Mainline,$14.99
1987,The Transformers,Hasbro,Mindwipe,Wipe,Decepticon,-,Bat,Headmaster,"Bat, Nebulan partner transforms into head. Headmaster partner: Vorath",Mainline,$14.99
1987,The Transformers,Hasbro,Skullcruncher,Skull,Decepticon,-,Alligator,Headmaster,"Alligator, Nebulan partner transforms into head. Headmaster partner: Grax",Mainline,$14.99
1987,The Transformers,Hasbro,Weirdwolf,Weirdwolf,Decepticon,-,Wolf,Headmaster,"Wolf, Nebulan partner transforms into head. Headmaster partner: Monzo",Mainline,$14.99
1987,The Transformers,Hasbro,Battletrap,Battletrap,Decepticon,-,Ford F-150 camper truck & AH-64 Apache Helicopter.,Duocon,Ford F-150 camper truck & AH-64 Apache Helicopter. 2 vehicles join and auto transform into robot,Mainline,$6.99
1987,The Transformers,Hasbro,Flywheels,Flywheels,Decepticon,-,F-4 Phantom II fighter jet & Howitzer Tank,Duocon,F-4 Phantom II fighter jet & Howitzer Tank. 2 vehicles join and auto transform into robot,Mainline,$6.99
1987,The Transformers,Hasbro,Cyclonus w/ Nightstick,Cyclonus,Decepticon,-,Futuristic Star Fighter,Targetmaster,"Futuristic Star Fighter, Nebulan Targetmaster partner Nightstick transforms into Weapon. Minor remould of the 1986 release to accommodate the Targetmaster partner.",Mainline,$11.99
1987,The Transformers,Hasbro,Scourge w/ Fracas,Scourge,Decepticon,-,Futuristic Skiff,Targetmaster,"Futuristic Skiff, Nebulan Targetmaster partner Fracas transforms into Weapon. Minor remould of the 1986 release to accommodate the Targetmaster partner.",Mainline,$11.99
1987,The Transformers,Hasbro,Triggerhappy w/ Blowpipe,Triggerhappy,Decepticon,-,Futuristic Gunship,Targetmaster,"Futuristic Gunship, Nebulan Targetmaster partner Blowpipe transforms into Weapon",Mainline,$9.99
1987,The Transformers,Hasbro,Misfire w/ Aimless,Misfire,Decepticon,-,Futuristic attack ship,Targetmaster,"Futuristic attack ship, Nebulan Targetmaster partner Aimless transforms into Weapon",Mainline,$9.99
1987,The Transformers,Hasbro,Slugslinger w/ Caliburst,Slugslinger,Decepticon,-,Futuristic Double nosed jet,Targetmaster,"Futuristic double nose jet, Nebulan Targetmaster partner Caliburst transforms into Weapon",Mainline,$9.99
1987,The Transformers,Hasbro,Overkill,Overkill,Decepticon,-,Microcassette,Cassette,"White & Blue Tyrannosaurus Rex (with horn), sold in a two pack with Slugfest",Mainline,$5.99
1987,The Transformers,Hasbro,Slugfest,Slugfest,Decepticon,-,Microcassette,Cassette,"Green Stegosaurus, sold in a two pack with Overkill",Mainline,$5.99
1987,The Transformers,Hasbro,Pounce,Pounce,Decepticon,-,Jaguar,Decepticon Clone,"Sold as a set of 2 under the name ""Pounce/Wingspan"". Robot mode is identical to Wingspan but transforms into a jaguar. Has his own unique rubsign to differentiaite him from Wingspan in robot mode.",Mainline,$13.99
1987,The Transformers,Hasbro,Wingspan,Wingspan,Decepticon,-,Hawk,Decepticon Clone,"Sold as a set of 2 under the name ""Pounce/Wingspan"". Robot mode is identical to Pounce but transforms into a jaguar. Has his own unique rubsign to differentiaite him from Pounce in robot mode.",Mainline,$13.99
1987,The Transformers,Hasbro,Megatron,Megatron,Decepticon,-,Walther P-38 Pistol with extensions,Leader,"Sent in a plain cardboard box, toy packaged in styrofoam. Came with a black and white Tech Spec. Available to order through the pamphlets: ""Rodimus Prime remembers the Transformers greatest battle on Earth."" (Offer Expired 30/06/1988)   & ""Transformers Combat Data""  (Offer Expired 31/12/1988).",Mail Away,$21.50 & 5 Robot Points
1987,The Transformers,Hasbro,Reflector,Reflector,Decepticon,-,Camera,Camera,"Sent in a plain cardboard box, toy packaged in styrofoam. Came with a black and white Tech Spec. Available to order through the pamphlets: ""Rodimus Prime remembers the Transformers greatest battle on Earth."" (Offer Expired 30/06/1988)   & ""Transformers Combat Data""  (Offer Expired 31/12/1988).",Mail Away,$10 & 2 Robot Points
1987,The Transformers,Hasbro,Thundercracker,Thundercracker,Decepticon,-,McDonnell Douglas F-15 Jet,Decepticon Jet,"Sent in a plain cardboard box, toy packaged in a clear plastic bag. Came with a black and white Tech Spec. Available to order through the pamphlets: ""Rodimus Prime remembers the Transformers greatest battle on Earth."" (Offer Expired 30/06/1988)   & ""Transformers Combat Data""  (Offer Expired 31/12/1988).",Mail Away,$10 & 2 Robot Points
1987,The Transformers,Hasbro,Grimlock,Grimlock,Autobot,1,-,Decoy,"Packaged with smaller carded figures as part of the Decoy promotion which also came with a mini comic: Aerialbots, Stunticons, Protectobots, Combaticons, Technobots and Terrorcons and Throttlebots. Autobots came in red rubber, Decepticons came in purple. Decepticons packaged with the Throttlebots came in red rubber and are much harder to find.",Promotional,-
1987,The Transformers,Hasbro,Snarl,Snarl,Autobot,2,-,Decoy,"Packaged with smaller carded figures as part of the Decoy promotion which also came with a mini comic: Aerialbots, Stunticons, Protectobots, Combaticons, Technobots and Terrorcons and Throttlebots. Autobots came in red rubber, Decepticons came in purple. Decepticons packaged with the Throttlebots came in red rubber and are much harder to find.",Promotional,-
1987,The Transformers,Hasbro,Swoop,Swoop,Autobot,3,-,Decoy,"Packaged with smaller carded figures as part of the Decoy promotion which also came with a mini comic: Aerialbots, Stunticons, Protectobots, Combaticons, Technobots and Terrorcons and Throttlebots. Autobots came in red rubber, Decepticons came in purple. Decepticons packaged with the Throttlebots came in red rubber and are much harder to find.",Promotional,-
1987,The Transformers,Hasbro,Sludge,Sludge,Autobot,4,-,Decoy,"Packaged with smaller carded figures as part of the Decoy promotion which also came with a mini comic: Aerialbots, Stunticons, Protectobots, Combaticons, Technobots and Terrorcons and Throttlebots. Autobots came in red rubber, Decepticons came in purple. Decepticons packaged with the Throttlebots came in red rubber and are much harder to find.",Promotional,-
1987,The Transformers,Hasbro,Slag,Slag,Autobot,5,-,Decoy,"Packaged with smaller carded figures as part of the Decoy promotion which also came with a mini comic: Aerialbots, Stunticons, Protectobots, Combaticons, Technobots and Terrorcons and Throttlebots. Autobots came in red rubber, Decepticons came in purple. Decepticons packaged with the Throttlebots came in red rubber and are much harder to find.",Promotional,-
1987,The Transformers,Hasbro,Ratchet,Ratchet,Autobot,6,-,Decoy,"Packaged with smaller carded figures as part of the Decoy promotion which also came with a mini comic: Aerialbots, Stunticons, Protectobots, Combaticons, Technobots and Terrorcons and Throttlebots. Autobots came in red rubber, Decepticons came in purple. Decepticons packaged with the Throttlebots came in red rubber and are much harder to find.",Promotional,-
1987,The Transformers,Hasbro,Ironhide,Ironhide,Autobot,7,-,Decoy,"Packaged with smaller carded figures as part of the Decoy promotion which also came with a mini comic: Aerialbots, Stunticons, Protectobots, Combaticons, Technobots and Terrorcons and Throttlebots. Autobots came in red rubber, Decepticons came in purple. Decepticons packaged with the Throttlebots came in red rubber and are much harder to find.",Promotional,-
1987,The Transformers,Hasbro,Smokescreen,Smokescreen,Autobot,8,-,Decoy,"Packaged with smaller carded figures as part of the Decoy promotion which also came with a mini comic: Aerialbots, Stunticons, Protectobots, Combaticons, Technobots and Terrorcons and Throttlebots. Autobots came in red rubber, Decepticons came in purple. Decepticons packaged with the Throttlebots came in red rubber and are much harder to find.",Promotional,-
1987,The Transformers,Hasbro,Grapple,Grapple,Autobot,9,-,Decoy,"Packaged with smaller carded figures as part of the Decoy promotion which also came with a mini comic: Aerialbots, Stunticons, Protectobots, Combaticons, Technobots and Terrorcons and Throttlebots. Autobots came in red rubber, Decepticons came in purple. Decepticons packaged with the Throttlebots came in red rubber and are much harder to find.",Promotional,-
1987,The Transformers,Hasbro,Trailbreaker,Trailbreaker,Autobot,10,-,Decoy,"Packaged with smaller carded figures as part of the Decoy promotion which also came with a mini comic: Aerialbots, Stunticons, Protectobots, Combaticons, Technobots and Terrorcons and Throttlebots. Autobots came in red rubber, Decepticons came in purple. Decepticons packaged with the Throttlebots came in red rubber and are much harder to find.",Promotional,-
1987,The Transformers,Hasbro,Sunstreaker,Sunstreaker,Autobot,11,-,Decoy,"Packaged with smaller carded figures as part of the Decoy promotion which also came with a mini comic: Aerialbots, Stunticons, Protectobots, Combaticons, Technobots and Terrorcons and Throttlebots. Autobots came in red rubber, Decepticons came in purple. Decepticons packaged with the Throttlebots came in red rubber and are much harder to find.",Promotional,-
1987,The Transformers,Hasbro,Skids,Skids,Autobot,12,-,Decoy,"Packaged with smaller carded figures as part of the Decoy promotion which also came with a mini comic: Aerialbots, Stunticons, Protectobots, Combaticons, Technobots and Terrorcons and Throttlebots. Autobots came in red rubber, Decepticons came in purple. Decepticons packaged with the Throttlebots came in red rubber and are much harder to find.",Promotional,-
1987,The Transformers,Hasbro,Jazz,Meister,Autobot,13,-,Decoy,"Packaged with smaller carded figures as part of the Decoy promotion which also came with a mini comic: Aerialbots, Stunticons, Protectobots, Combaticons, Technobots and Terrorcons and Throttlebots. Autobots came in red rubber, Decepticons came in purple. Decepticons packaged with the Throttlebots came in red rubber and are much harder to find.",Promotional,-
1987,The Transformers,Hasbro,Inferno,Inferno,Autobot,14,-,Decoy,"Packaged with smaller carded figures as part of the Decoy promotion which also came with a mini comic: Aerialbots, Stunticons, Protectobots, Combaticons, Technobots and Terrorcons and Throttlebots. Autobots came in red rubber, Decepticons came in purple. Decepticons packaged with the Throttlebots came in red rubber and are much harder to find.",Promotional,-
1987,The Transformers,Hasbro,Tracks,Tracks,Autobot,15,-,Decoy,"Packaged with smaller carded figures as part of the Decoy promotion which also came with a mini comic: Aerialbots, Stunticons, Protectobots, Combaticons, Technobots and Terrorcons and Throttlebots. Autobots came in red rubber, Decepticons came in purple. Decepticons packaged with the Throttlebots came in red rubber and are much harder to find.",Promotional,-
1987,The Transformers,Hasbro,Red Alert,Alert,Autobot,16,-,Decoy,"Packaged with smaller carded figures as part of the Decoy promotion which also came with a mini comic: Aerialbots, Stunticons, Protectobots, Combaticons, Technobots and Terrorcons and Throttlebots. Autobots came in red rubber, Decepticons came in purple. Decepticons packaged with the Throttlebots came in red rubber and are much harder to find.",Promotional,-
1987,The Transformers,Hasbro,Hound,Hound,Autobot,17,-,Decoy,"Packaged with smaller carded figures as part of the Decoy promotion which also came with a mini comic: Aerialbots, Stunticons, Protectobots, Combaticons, Technobots and Terrorcons and Throttlebots. Autobots came in red rubber, Decepticons came in purple. Decepticons packaged with the Throttlebots came in red rubber and are much harder to find.",Promotional,-
1987,The Transformers,Hasbro,Sideswipe,Lambor,Autobot,18,-,Decoy,"Packaged with smaller carded figures as part of the Decoy promotion which also came with a mini comic: Aerialbots, Stunticons, Protectobots, Combaticons, Technobots and Terrorcons and Throttlebots. Autobots came in red rubber, Decepticons came in purple. Decepticons packaged with the Throttlebots came in red rubber and are much harder to find.",Promotional,-
1987,The Transformers,Hasbro,Prowl,Prowl,Autobot,19,-,Decoy,"Packaged with smaller carded figures as part of the Decoy promotion which also came with a mini comic: Aerialbots, Stunticons, Protectobots, Combaticons, Technobots and Terrorcons and Throttlebots. Autobots came in red rubber, Decepticons came in purple. Decepticons packaged with the Throttlebots came in red rubber and are much harder to find.",Promotional,-
1987,The Transformers,Hasbro,Mirage,Ligier,Autobot,20,-,Decoy,"Packaged with smaller carded figures as part of the Decoy promotion which also came with a mini comic: Aerialbots, Stunticons, Protectobots, Combaticons, Technobots and Terrorcons and Throttlebots. Autobots came in red rubber, Decepticons came in purple. Decepticons packaged with the Throttlebots came in red rubber and are much harder to find.",Promotional,-
1987,The Transformers,Hasbro,Hoist,Hoist,Autobot,21,-,Decoy,"Packaged with smaller carded figures as part of the Decoy promotion which also came with a mini comic: Aerialbots, Stunticons, Protectobots, Combaticons, Technobots and Terrorcons and Throttlebots. Autobots came in red rubber, Decepticons came in purple. Decepticons packaged with the Throttlebots came in red rubber and are much harder to find.",Promotional,-
1987,The Transformers,Hasbro,Wheeljack,Wheeljack,Autobot,22,-,Decoy,"Packaged with smaller carded figures as part of the Decoy promotion which also came with a mini comic: Aerialbots, Stunticons, Protectobots, Combaticons, Technobots and Terrorcons and Throttlebots. Autobots came in red rubber, Decepticons came in purple. Decepticons packaged with the Throttlebots came in red rubber and are much harder to find.",Promotional,-
1987,The Transformers,Hasbro,Bluestreak,Streak,Autobot,23,-,Decoy,"Packaged with smaller carded figures as part of the Decoy promotion which also came with a mini comic: Aerialbots, Stunticons, Protectobots, Combaticons, Technobots and Terrorcons and Throttlebots. Autobots came in red rubber, Decepticons came in purple. Decepticons packaged with the Throttlebots came in red rubber and are much harder to find.",Promotional,-
1987,The Transformers,Hasbro,Brawn,Gong,Autobot,24,-,Decoy,"Packaged with smaller carded figures as part of the Decoy promotion which also came with a mini comic: Aerialbots, Stunticons, Protectobots, Combaticons, Technobots and Terrorcons and Throttlebots. Autobots came in red rubber, Decepticons came in purple. Decepticons packaged with the Throttlebots came in red rubber and are much harder to find.",Promotional,-
1987,The Transformers,Hasbro,Windcharger,Charger,Autobot,25,-,Decoy,"Packaged with smaller carded figures as part of the Decoy promotion which also came with a mini comic: Aerialbots, Stunticons, Protectobots, Combaticons, Technobots and Terrorcons and Throttlebots. Autobots came in red rubber, Decepticons came in purple. Decepticons packaged with the Throttlebots came in red rubber and are much harder to find.",Promotional,-
1987,The Transformers,Hasbro,Bumblebee,Bumble,Autobot,26,-,Decoy,"Packaged with smaller carded figures as part of the Decoy promotion which also came with a mini comic: Aerialbots, Stunticons, Protectobots, Combaticons, Technobots and Terrorcons and Throttlebots. Autobots came in red rubber, Decepticons came in purple. Decepticons packaged with the Throttlebots came in red rubber and are much harder to find.",Promotional,-
1987,The Transformers,Hasbro,Huffer,Drag,Autobot,27,-,Decoy,"Packaged with smaller carded figures as part of the Decoy promotion which also came with a mini comic: Aerialbots, Stunticons, Protectobots, Combaticons, Technobots and Terrorcons and Throttlebots. Autobots came in red rubber, Decepticons came in purple. Decepticons packaged with the Throttlebots came in red rubber and are much harder to find.",Promotional,-
1987,The Transformers,Hasbro,Cliffjumper,Cliff,Autobot,28,-,Decoy,"Packaged with smaller carded figures as part of the Decoy promotion which also came with a mini comic: Aerialbots, Stunticons, Protectobots, Combaticons, Technobots and Terrorcons and Throttlebots. Autobots came in red rubber, Decepticons came in purple. Decepticons packaged with the Throttlebots came in red rubber and are much harder to find.",Promotional,-
1987,The Transformers,Hasbro,Blaster,Broadcast,Autobot,29,-,Decoy,"Packaged with smaller carded figures as part of the Decoy promotion which also came with a mini comic: Aerialbots, Stunticons, Protectobots, Combaticons, Technobots and Terrorcons and Throttlebots. Autobots came in red rubber, Decepticons came in purple. Decepticons packaged with the Throttlebots came in red rubber and are much harder to find.",Promotional,-
1987,The Transformers,Hasbro,Perceptor,Perceptor,Autobot,30,-,Decoy,"Packaged with smaller carded figures as part of the Decoy promotion which also came with a mini comic: Aerialbots, Stunticons, Protectobots, Combaticons, Technobots and Terrorcons and Throttlebots. Autobots came in red rubber, Decepticons came in purple. Decepticons packaged with the Throttlebots came in red rubber and are much harder to find.",Promotional,-
1987,The Transformers,Hasbro,Optimus Prime,Convoy,Autobot,31,-,Decoy,"Packaged with smaller carded figures as part of the Decoy promotion which also came with a mini comic: Aerialbots, Stunticons, Protectobots, Combaticons, Technobots and Terrorcons and Throttlebots. Autobots came in red rubber, Decepticons came in purple. Decepticons packaged with the Throttlebots came in red rubber and are much harder to find.",Promotional,-
1987,The Transformers,Hasbro,Megatron,Megatron,Decepticon,32,-,Decoy,"Packaged with smaller carded figures as part of the Decoy promotion which also came with a mini comic: Aerialbots, Stunticons, Protectobots, Combaticons, Technobots and Terrorcons and Throttlebots. Autobots came in red rubber, Decepticons came in purple. Decepticons packaged with the Throttlebots came in red rubber and are much harder to find.",Promotional,-
1987,The Transformers,Hasbro,Skywarp,Skywarp,Decepticon,33,-,Decoy,"Packaged with smaller carded figures as part of the Decoy promotion which also came with a mini comic: Aerialbots, Stunticons, Protectobots, Combaticons, Technobots and Terrorcons and Throttlebots. Autobots came in red rubber, Decepticons came in purple. Decepticons packaged with the Throttlebots came in red rubber and are much harder to find.",Promotional,-
1987,The Transformers,Hasbro,Thundercracker,Thundercracker,Decepticon,34,-,Decoy,"Packaged with smaller carded figures as part of the Decoy promotion which also came with a mini comic: Aerialbots, Stunticons, Protectobots, Combaticons, Technobots and Terrorcons and Throttlebots. Autobots came in red rubber, Decepticons came in purple. Decepticons packaged with the Throttlebots came in red rubber and are much harder to find.",Promotional,-
1987,The Transformers,Hasbro,Starscream,Starscream,Decepticon,35,-,Decoy,"Packaged with smaller carded figures as part of the Decoy promotion which also came with a mini comic: Aerialbots, Stunticons, Protectobots, Combaticons, Technobots and Terrorcons and Throttlebots. Autobots came in red rubber, Decepticons came in purple. Decepticons packaged with the Throttlebots came in red rubber and are much harder to find.",Promotional,-
1987,The Transformers,Hasbro,Soundwave,Soundwave,Decepticon,36,-,Decoy,"Packaged with smaller carded figures as part of the Decoy promotion which also came with a mini comic: Aerialbots, Stunticons, Protectobots, Combaticons, Technobots and Terrorcons and Throttlebots. Autobots came in red rubber, Decepticons came in purple. Decepticons packaged with the Throttlebots came in red rubber and are much harder to find.",Promotional,-
1987,The Transformers,Hasbro,Blitzwing,Blitzwing,Decepticon,37,-,Decoy,"Packaged with smaller carded figures as part of the Decoy promotion which also came with a mini comic: Aerialbots, Stunticons, Protectobots, Combaticons, Technobots and Terrorcons and Throttlebots. Autobots came in red rubber, Decepticons came in purple. Decepticons packaged with the Throttlebots came in red rubber and are much harder to find.",Promotional,-
1987,The Transformers,Hasbro,Astrotrain,Astrotrain,Decepticon,38,-,Decoy,"Packaged with smaller carded figures as part of the Decoy promotion which also came with a mini comic: Aerialbots, Stunticons, Protectobots, Combaticons, Technobots and Terrorcons and Throttlebots. Autobots came in red rubber, Decepticons came in purple. Decepticons packaged with the Throttlebots came in red rubber and are much harder to find.",Promotional,-
1987,The Transformers,Hasbro,Kickback,Kickback,Decepticon,39,-,Decoy,"Packaged with smaller carded figures as part of the Decoy promotion which also came with a mini comic: Aerialbots, Stunticons, Protectobots, Combaticons, Technobots and Terrorcons and Throttlebots. Autobots came in red rubber, Decepticons came in purple. Decepticons packaged with the Throttlebots came in red rubber and are much harder to find.",Promotional,-
1987,The Transformers,Hasbro,Shrapnel,Shrapnel,Decepticon,40,-,Decoy,"Packaged with smaller carded figures as part of the Decoy promotion which also came with a mini comic: Aerialbots, Stunticons, Protectobots, Combaticons, Technobots and Terrorcons and Throttlebots. Autobots came in red rubber, Decepticons came in purple. Decepticons packaged with the Throttlebots came in red rubber and are much harder to find.",Promotional,-
1987,The Transformers,Hasbro,Bombshell,Bombshell,Decepticon,41,-,Decoy,"Packaged with smaller carded figures as part of the Decoy promotion which also came with a mini comic: Aerialbots, Stunticons, Protectobots, Combaticons, Technobots and Terrorcons and Throttlebots. Autobots came in red rubber, Decepticons came in purple. Decepticons packaged with the Throttlebots came in red rubber and are much harder to find.",Promotional,-
1987,The Transformers,Hasbro,Hook,Gren,Decepticon,42,-,Decoy,"Packaged with smaller carded figures as part of the Decoy promotion which also came with a mini comic: Aerialbots, Stunticons, Protectobots, Combaticons, Technobots and Terrorcons and Throttlebots. Autobots came in red rubber, Decepticons came in purple. Decepticons packaged with the Throttlebots came in red rubber and are much harder to find.",Promotional,-
1987,The Transformers,Hasbro,Scavenger,Scavenger,Decepticon,43,-,Decoy,"Packaged with smaller carded figures as part of the Decoy promotion which also came with a mini comic: Aerialbots, Stunticons, Protectobots, Combaticons, Technobots and Terrorcons and Throttlebots. Autobots came in red rubber, Decepticons came in purple. Decepticons packaged with the Throttlebots came in red rubber and are much harder to find.",Promotional,-
1987,The Transformers,Hasbro,Bonecrusher,Bonecrusher,Decepticon,44,-,Decoy,"Packaged with smaller carded figures as part of the Decoy promotion which also came with a mini comic: Aerialbots, Stunticons, Protectobots, Combaticons, Technobots and Terrorcons and Throttlebots. Autobots came in red rubber, Decepticons came in purple. Decepticons packaged with the Throttlebots came in red rubber and are much harder to find.",Promotional,-
1987,The Transformers,Hasbro,Long Haul,Long Haul,Decepticon,45,-,Decoy,"Packaged with smaller carded figures as part of the Decoy promotion which also came with a mini comic: Aerialbots, Stunticons, Protectobots, Combaticons, Technobots and Terrorcons and Throttlebots. Autobots came in red rubber, Decepticons came in purple. Decepticons packaged with the Throttlebots came in red rubber and are much harder to find.",Promotional,-
1987,The Transformers,Hasbro,Mixmaster,Mixmaster,Decepticon,46,-,Decoy,"Packaged with smaller carded figures as part of the Decoy promotion which also came with a mini comic: Aerialbots, Stunticons, Protectobots, Combaticons, Technobots and Terrorcons and Throttlebots. Autobots came in red rubber, Decepticons came in purple. Decepticons packaged with the Throttlebots came in red rubber and are much harder to find.",Promotional,-
1987,The Transformers,Hasbro,Scrapper,Scrapper,Decepticon,47,-,Decoy,"Packaged with smaller carded figures as part of the Decoy promotion which also came with a mini comic: Aerialbots, Stunticons, Protectobots, Combaticons, Technobots and Terrorcons and Throttlebots. Autobots came in red rubber, Decepticons came in purple. Decepticons packaged with the Throttlebots came in red rubber and are much harder to find.",Promotional,-
1987,The Transformers,Hasbro,Devastator,Devastar,Decepticon,48,-,Decoy,"Packaged with smaller carded figures as part of the Decoy promotion which also came with a mini comic: Aerialbots, Stunticons, Protectobots, Combaticons, Technobots and Terrorcons and Throttlebots. Autobots came in red rubber, Decepticons came in purple. Decepticons packaged with the Throttlebots came in red rubber and are much harder to find.",Promotional,-
1987,The Transformers,Hasbro,Ravage,Jaguar,Decepticon,49,-,Decoy,"Packaged with smaller carded figures as part of the Decoy promotion which also came with a mini comic: Aerialbots, Stunticons, Protectobots, Combaticons, Technobots and Terrorcons and Throttlebots. Autobots came in red rubber, Decepticons came in purple. Decepticons packaged with the Throttlebots came in red rubber and are much harder to find.",Promotional,-
1987,The Transformers,Hasbro,Frenzy,Frenzy,Decepticon,50,-,Decoy,"Packaged with smaller carded figures as part of the Decoy promotion which also came with a mini comic: Aerialbots, Stunticons, Protectobots, Combaticons, Technobots and Terrorcons and Throttlebots. Autobots came in red rubber, Decepticons came in purple. Decepticons packaged with the Throttlebots came in red rubber and are much harder to find.",Promotional,-
1987,The Transformers,Hasbro,Shockwave,Laserwave,Decepticon,51,-,Decoy,"Packaged with smaller carded figures as part of the Decoy promotion which also came with a mini comic: Aerialbots, Stunticons, Protectobots, Combaticons, Technobots and Terrorcons and Throttlebots. Autobots came in red rubber, Decepticons came in purple. Decepticons packaged with the Throttlebots came in red rubber and are much harder to find.",Promotional,-
1987,The Transformers,Hasbro,Reflector,Reflector,Decepticon,52,-,Decoy,"Packaged with smaller carded figures as part of the Decoy promotion which also came with a mini comic: Aerialbots, Stunticons, Protectobots, Combaticons, Technobots and Terrorcons and Throttlebots. Autobots came in red rubber, Decepticons came in purple. Decepticons packaged with the Throttlebots came in red rubber and are much harder to find.",Promotional,-
1987,The Transformers,Hasbro,Laserbeak,Condor,Decepticon,53,-,Decoy,"Laserbeak is not on the Hasbro Decoy Checklist but is believed to have been released. Packaged with smaller carded figures as part of the Decoy promotion which also came with a mini comic: Aerialbots, Stunticons, Protectobots, Combaticons, Technobots and Terrorcons and Throttlebots. Autobots came in red rubber, Decepticons came in purple. Decepticons packaged with the Throttlebots came in red rubber and are much harder to find.",Promotional,-
1987,Fight! Super Robot Lifeform Transformers,Takara,Hot Rodimus,Hot Rod,Cybertron,C-78,Futuristic Race Car,Autobot,Released April 1987. The initial release was delayed. Came with die-cast metal feet,Mainline,"¥1,600"
1987,Scramble City,Takara,Scattershot,Scattershot,Cybertron,C-86,Futuristic Gun ship / Laser cannon,Techbot,Released July 1987. Futuristic Gun ship / Laser cannon. Techbot,Mainline,"¥1,980"
1987,Scramble City,Takara,Nosecone,Nosecone,Cybertron,C-87,Futuristic Drill Tank,Techbot,Released July 1987. Futuristic Drill Tank. Techbot,Mainline,¥880
1987,Scramble City,Takara,Strafe,Strafe,Cybertron,C-88,Futuristic Jet,Techbot,Released July 1987. Futuristic Jet. Techbot,Mainline,¥880
1987,Scramble City,Takara,Lightspeed,Lightspeed,Cybertron,C-89,Futuristic Car,Techbot,Released July 1987. Futuristic Race car. Techbot,Mainline,¥880
1987,Scramble City,Takara,Afterburner,Afterburner,Cybertron,C-90,Futuristic Cycle,Techbot,Released July 1987. Futuristic Motorcycle. Techbot,Mainline,¥880
1987,Scramble City,Takara,Computicon,Computron,Cybertron,C-91,Combiner,Techbot,Released July 1987. Giftset of all 5 Techbots,Mainline,"¥5,500"
1987,Fight! Super Robot Lifeform Transformers,Takara,Wideload,Wideload,Cybertron,C-92,Dump Truck,Throttlebot,Released April 1987. Dumptruck. Throttlebot. Released in a box,Mainline,¥500
1987,Fight! Super Robot Lifeform Transformers,Takara,Looklight,Searchlight,Cybertron,C-93,Ford RS200 rally car,Throttlebot,"Released April 1987. Ford RS200 rally car, Throttlebot. Released in a box",Mainline,¥500
1987,Fight! Super Robot Lifeform Transformers,Takara,Chase,Chase,Cybertron,C-94,Ferrari Testarossa,Throttlebot,"Released April 1987. Ferrari Testarossa, Throttlebot. Released in a box",Mainline,¥500
1987,Fight! Super Robot Lifeform Transformers,Takara,Rollbar,Rollbar,Cybertron,C-95,Jeep CJ-7,Throttlebot,Released April 1987. Jeep CJ-7Throttlebot. Released in a box,Mainline,¥500
1987,Fight! Super Robot Lifeform Transformers,Takara,Runway,Freeway,Cybertron,C-96,Chevrolet Corvette,Throttlebot,Released April 1987. Chevrolet Corvette. Throttlebot. Released in a box,Mainline,¥500
1987,Fight! Super Robot Lifeform Transformers,Takara,Goldback,Goldbug,Cybertron,C-97,VW Beetle,Throttlebot,"Released April 1987. VW Beetle, Throttlebot. Released in a box",Mainline,¥500
1987,Fight! Super Robot Lifeform Transformers,Takara,Repug,Repugnus,Cybertron,C-98,Insect Monster,Firebot,UNRELEASED. Repug / Repugnus (the Hasbro version) was eventually made available as a lucky draw item in 1987 and then a mail away item in 1988,-,-
1987,Fight! Super Robot Lifeform Transformers,Takara,Grotus,Grotusque,Cybertron,C-99,Winged Sabretooth tiger,Firebot,"Winged Sabretooth tiger, has mechanism to produce sparks out of the monsters mouth. Firebot",Mainline,"¥2,300"
1987,Fight! Super Robot Lifeform Transformers,Takara,Doublecross,Doublecross,Cybertron,C-100,2 headed dragon,Firebot,"2 headed dragon, has mechanism to produce sparks out of the monsters mouth Firebot",Mainline,"¥2,300"
1987,Fight! Super Robot Lifeform Transformers The Headmasters,Takara,Chromedome w/ Chrome,Chromedome,Cybertron,C-101,Futuristic Car,Headmaster,"Released July 1987. Futuristic car. Headmaster. The Headmaster figure is called ""Chrome""",Mainline,"¥2,300"
1987,Fight! Super Robot Lifeform Transformers The Headmasters,Takara,Hardhead w/ Ros,Hardhead,Cybertron,C-102,Futuristic Tank,Headmaster,"Released July 1987. Futuristic Tank. Headmaster. The Headmaster figure is called ""Ros""",Mainline,"¥2,300"
1987,Fight! Super Robot Lifeform Transformers The Headmasters,Takara,Highbrow w/ Gorter,Highbrow,Cybertron,C-103,Futuristic Helicopter,Headmaster,"Released July 1987. Futuristic Helicopter Headmaster. The Headmaster figure is called ""Gorter""",Mainline,"¥2,300"
1987,Fight! Super Robot Lifeform Transformers The Headmasters,Takara,Brainstorm w/ Cana,Brainstorm,Cybertron,C-104,Futuristic Jet,Headmaster,"Released July 1987. Futuristic Jet. Headmaster. The Headmaster figure is called ""Cana""",Mainline,"¥2,300"
1987,Fight! Super Robot Lifeform Transformers Targetmaster,Takara,Sureshot w/ Spoil,Sureshot,Cybertron,C-105,Futuristic Buggy,Targetmaster,Released July 1987. Buggy. Targetmaster. With Targetmaster partner Spoil,Mainline,"¥1,980"
1987,Fight! Super Robot Lifeform Transformers Targetmaster,Takara,Blanker w/ Peaceman,Pointblank,Cybertron,C-106,Futuristic Buggy,Targetmaster,Released July 1987. Race Car. Targetmaster. With Targetmaster partner Peaceman,Mainline,"¥1,980"
1987,Fight! Super Robot Lifeform Transformers Targetmaster,Takara,Crosshairs w/ Pointech,Crosshairs,Cybertron,C-107,Futuristic Off Road car,Targetmaster,Released July 1987. Off Road Race Car. Targetmaster. With Targetmaster partner Pointech.,Mainline,"¥1,980"
1987,Fight! Super Robot Lifeform Transformers Targetmaster,Takara,Artfire w/ Nightstick,Artfire,Cybertron,C-108,Mitsubishi Fuso F-Series FT fire ladder truck,Targetmaster,Released December 1987. White & red redeco of 1985 Inferno with Nightstick (Unchanged version of Fracus which came with Hasbro's Targetmaster Scourge),Mainline,"¥1,980"
1987,Fight! Super Robot Lifeform Transformers Targetmaster,Takara,Stepper w/ Nebulon,Stepper,Cybertron,C-109,1976 Martini Racing Porsche 935 Turbo,Targetmaster,Released December 1987. Reversed colour redeco of 1985 Jazz with Targetmaster Nebulon (Unchanged version of Nightstick which came with Hasbro's Targetmaster Cyclonus),Mainline,"¥1,980"
1987,Fight! Super Robot Lifeform Transformers Targetmaster,Takara,Hot Rodimus w/ Firebolt,Hot Rodimus,Cybertron,C-110,Futuristic Race Car,Targetmaster,UNRELEASED. Reissued in 2004,-,-
1987,Fight! Super Robot Lifeform Transformers,Takara,Double Agent,Punch-Counterpunch,Cybertron,C-111,Pontiac Fiero,Double Agent,Cybertron Spacepunch; Destron Counterpunch. Transforms into a blue Pontiac Fiero and has two robot modes - Spacepunch the Cybertron and Counterpunch the Destron (Cybertron Spy),Mainline,"¥1,980"
1987,Fight! Super Robot Lifeform Transformers,Takara,Cloudraker,Cloudraker,Cybertron,C-112,Futuristic Jet,Clonebot,A two pack with Cloudraker (Jet) & Fastlane (F-1 Style Race Car). The robots look identical in robot mode but have different alternate modes,Mainline,"¥1,980"
1987,Fight! Super Robot Lifeform Transformers,Takara,Fastlane,Fastlane,Cybertron,C-112,Futuristic Car,Clonebot,A two pack with Cloudraker (Jet) & Fastlane (F-1 Style Race Car). The robots look identical in robot mode but have different alternate modes,Mainline,"¥1,980"
1987,Fight! Super Robot Lifeform Transformers Targetmaster,Takara,Char w/ Recoil,Char w/ Recoil,Cybertron,C-113,Futuristic Pick-Up Truck,Targetmaster,UNRELEASED. Reissued in 2005,-,-
1987,Fight! Super Robot Lifeform Transformers The Headmasters,Takara,Fortress Maximus,Fortress Maximus,Cybertron,C-114,Base / Battle Station,Headmaster,"Identical to Hasbro's version though comes with a large sword and small sword accessories. Comes with Fort (Spike), Fortress (Cerebros) with Gasket and Grommet who combine into Cog",Mainline,"¥12,800"
1987,Fight! Super Robot Lifeform Transformers,Takara,Sky Lynx,Sky Lynx,Cybertron,C-115,Space Shuttle,Lieutenant,UNRELEASED. Reissued in Japan in 2008 in the Transformers Encore line,-,-
1987,Fight! Super Robot Lifeform Transformers,Takara,Twincast,Twincast,Cybertron,C-116,AM/FM stereo cassette deck,Comminications,"Blue redeco of 1985 Broadcast, the chest remoulded to hold two cassettes. Comes with C-65 Steeljaw which now has blueprint sticker of Mega Zarak. When inserted in Twincast the red cassette door window will show Mega Zaraks weak point, similar to the tech spec decoder method.",Mainline,"¥2,980"
1987,Fight! Super Robot Lifeform Transformers,Takara,Eject,Eject,Cybertron,C-117,Microcassette,Cassettebot,UNRELEASED,-,-
1987,Fight! Super Robot Lifeform Transformers,Takara,Rewind,Rewind,Cybertron,C-118,Microcassette,Cassettebot,UNRELEASED,-,-
1987,Fight! Super Robot Lifeform Transformers,Takara,Armhorn,Ramhorn,Cybertron,C-119,Microcassette,Cassettebot,UNRELEASED,-,-
1987,Fight! Super Robot Lifeform Transformers,Takara,Steeljaw,Steeljaw,Cybertron,C-120,Microcassette,Cassettebot,UNRELEASED,-,-
1987,Fight! Super Robot Lifeform Transformers,Takara,Graphy,Guraf,Cybertron,C-121,Pteranodon,W Cassettebot,"Red pteranadon to Microcassette; combines with Noise to form the robot Decibel. The romanised name on the character card reads ""Gurafi""",Mainline,¥680
1987,Fight! Super Robot Lifeform Transformers,Takara,Noise,Noizu,Cybertron,C-122,Allosaurus,W Cassettebot,"Blue Tyrannosaurus Rex to Micro-Cassette; combines with Graphy to form the robot Decibel. The romanised name on the character card reads ""Noizu""",Mainline,¥680
1987,Fight! Super Robot Lifeform Transformers,Takara,Decibel,Decibel,Cybertron,-,Combiner,W Cassettebot,Combined robot of Graphy & Noise,Mainline,-
1987,Fight! Super Robot Lifeform Transformers,Takara,Dile,Dairu,Cybertron,C-123,Iguanodon,W Cassettebot,"Green Allosaurus to Micro-Cassette; combines with Saur to form the robot Legout. The romanised name on the character card reads ""Dairu""",Mainline,¥680
1987,Fight! Super Robot Lifeform Transformers,Takara,Zaur,Zauru,Cybertron,C-124,Brontosaurus,W Cassettebot,"Dark blue Brachiosaurus to Micro-Cassette; combines with Dile to form the robot Legout. The romanised name on the character card reads ""Zauru""",Mainline,¥680
1987,Fight! Super Robot Lifeform Transformers,Takara,Legout,Legout,Cybertron,-,Combiner,W Cassettebot,Combined form of Dile & Zaur,Mainline,-
1987,Fight! Super Robot Lifeform Transformers ,Takara,Shouki,-,Cybertron,C-125,Tokaido Bullet Train,Trainbot,Release of the Diaclone Train Robo No.1 from April 1983.Tokaido Bullet Train. Trainbot,Mainline,¥850
1987,Fight! Super Robot Lifeform Transformers ,Takara,Getsuei,-,Cybertron,C-126,EF65 Type Blue Train,Trainbot,Release of the Diaclone Train Robo No.2 from April 1983. EF65 Type Blue Train. Trainbot,Mainline,¥850
1987,Fight! Super Robot Lifeform Transformers ,Takara,Yukikaze,-,Cybertron,C-127,Tohoku/Joetsu Bullet Train,Trainbot,Release of the Diaclone Train Robo No.3 from April 1983. Tohoku/Joetsu Bullet Train. Trainbot,Mainline,¥850
1987,Fight! Super Robot Lifeform Transformers ,Takara,Suiken,-,Cybertron,C-128,Tokai Type 153 Series Express Train,Trainbot,Release of the Diaclone Train Robo No.4 from May 1983. Tokai Type 153 Series Express Train. Trainbot,Mainline,¥850
1987,Fight! Super Robot Lifeform Transformers ,Takara,Seizan,-,Cybertron,C-129,L Limited Express 485 Limited Express Train,Trainbot,Release of the Diaclone Train Robo No.5 from May 1983. L Limited Express 485 Limited Express Train. Trainbot,Mainline,¥850
1987,Fight! Super Robot Lifeform Transformers ,Takara,Kaen,-,Cybertron,C-130,DE10 Type Diesel Locomotive,Trainbot,Release of the Diaclone Train Robo No.6 from May 1983. DE10 Type Diesel Locomotive. Trainbot,Mainline,¥850
1987,Fight! Super Robot Lifeform Transformers ,Takara,Raiden,-,Cybertron,C-131,Combiner,Trainbot,Giftset of all 6 Trainbots.,Mainline,"¥4,980"
1987,Fight! Super Robot Lifeform Transformers ,Takara,Kirk,-,Cybertron,N/A,Red & grey robot,Cybertron Master Warrior,Maroon & grey robot,Mainline,¥250
1987,Fight! Super Robot Lifeform Transformers ,Takara,Lione,-,Cybertron,N/A,Orange & red lion,Cybertron Master Warrior,Orange & red lion,Mainline,¥250
1987,Fight! Super Robot Lifeform Transformers ,Takara,Loafer,-,Cybertron,N/A,Red & Purple Robot,Cybertron Master Warrior,Red & Black Robot,Mainline,¥250
1987,Fight! Super Robot Lifeform Transformers ,Takara,Rodney,-,Cybertron,N/A,Blue & yellow robot,Cybertron Master Warrior,Blue & yellow robot,Mainline,¥250
1987,Fight! Super Robot Lifeform Transformers ,Takara,Shuffler,-,Cybertron,N/A,Grey & maroon elephant,Cybertron Master Warrior,Grey & black elephant,Mainline,¥250
1987,Fight! Super Robot Lifeform Transformers ,Takara,Toraizer,-,Cybertron,N/A,Blue & purple puma,Cybertron Master Warrior,Blue & black puma,Mainline,¥250
1987,Fight! Super Robot Lifeform Transformers ,Takara,Transformer VS Set,-,Cybertron,C-69,Car Carrier,Transformer Juniors,Ultra Magnus jr with a Soft Robo Galvatron vinyl figure and a small Metroflex metal figure.,Mainline,TBC
1987,Fight! Super Robot Lifeform Transformers ,Takara,Rodimus Convoy ,Rodimus Prime,Cybertron,C-77,Futuristic Van,Transformer Juniors,Has a cardboard trailer to attach,Mainline,TBC
1987,Fight! Super Robot Lifeform Transformers ,Takara,Metroflex,Metroplex,Cybertron,C-70,Battle Station,Transformer Juniors,Smaller version of Metroflex. Transforms into Battle Station only,Mainline,TBC
1987,Fight! Super Robot Lifeform Transformers The Headmasters,Takara,Chromedome,Chromedome,Cybertron,C-101,Futuristic Car,Transformer Juniors,"Smaller version of Chromedome, with die cast metal parts",Mainline,¥600
1987,Fight! Super Robot Lifeform Transformers The Headmasters,Takara,Fortress Maximus,Fortress Maximus,Cybertron,C-114,Battle Station,Transformer Juniors,Smaller version of Fortress Maximus,Mainline,¥595
1987,Fight! Super Robot Lifeform Transformers ,Takara,Trainbot Set 1 Shouki and Seizan,-,Cybertron,C-125 &C-129,Train,Transformer Juniors,2 pack. Previously released in the Diaclone range.,Mainline,¥500
1987,Fight! Super Robot Lifeform Transformers ,Takara,Trainbot Set 2 Yukikaze and Suiken,-,Cybertron,C-127 & C-128,Train,Transformer Juniors,2 pack. Previously released in the Diaclone range.,Mainline,¥500
1987,Fight! Super Robot Lifeform Transformers ,Takara,Trainbot Set 3 Getsuei and Kaen,-,Cybertron,C-126 & C-130,Train,Transformer Juniors,2 pack. Previously released in the Diaclone range.,Mainline,¥500
1987,Fight! Super Robot Lifeform Transformers ,Takara,Raiden,-,Cybertron,C-131,Combiner,Transformer Juniors,Giftset. Previously released in the Diaclone range.,Mainline,TBC
1987,Fight! Super Robot Lifeform Transformers The Headmasters,Takara,Cybertron Leader Set,-,Cybertron,C-77 & C-101,Futuristic Car,Transformer Juniors,TF Junior Chromedome with a Soft Robo Rodimus Convoy non transformable figure; comes with small chromed Metroplex & Cybetron emblem. サイバトロン リーダーセット ,Mainline,TBC
1987,Fight! Super Robot Lifeform Transformers,Takara,Warpath,Warpath,Cybertron,87,General Motors M551 Sheridan AR/AAV,Minibot,"Available to order through the following mail order Leaflet: ""Only you can save the Cybertrons!! Orders were live up until 30th June 1988. Sold on Hasbro card",Mail Away,¥500 & 2 Robot Points
1987,Fight! Super Robot Lifeform Transformers,Takara,Adams,Cosmos,Cybertron,86,UFO,Minibot,"Available to order through the following mail order Leaflet: ""Only you can save the Cybertrons!! Orders were live up until 30th June 1988. Sold on Hasbro card",Mail Away,¥500 & 2 Robot Points
1987,Fight! Super Robot Lifeform Transformers,Takara,Downshift,Camshaft,Cybertron,-,Mazda RX-7,Double Changer,"Available to order through the following mail order Leaflet: ""Only you can save the Cybertrons!! Orders were live up until 30th June 1988. The name is swapped from Camshaft for the Japanese release. Came in a Blue rinsed box with character artwork based on the toy.",Mail Away,¥980 & 2 Robot Points
1987,Fight! Super Robot Lifeform Transformers,Takara,Overdrive,Overdrive,Cybertron,-,Ferrari 512 Bbi,Double Changer,"Available to order through the following mail order Leaflet: ""Only you can save the Cybertrons!! Orders were live up until 30th June 1988. Came in a Blue rinsed box with character artwork based on the toy.",Mail Away,¥980 & 2 Robot Points
1987,Fight! Super Robot Lifeform Transformers,Takara,VHS Video,-,-,-,-,-,"Available to order through the following mail order Leaflet: ""Only you can save the Cybertrons!! Orders were live up until 30th June 1988. ",Mail Away,3000 & 2 Robot Points
1987,Fight! Super Robot Lifeform Transformers,Takara,S.T.A.R.S Member,S.T.A.R.S Membership,Cybertron,-,Play Set,Play Set,"Available to order through the following mail order Leaflet: ""Only you can save the Cybertrons!! Orders were live up until 30th June 1988.",Mail Away,"¥1,200"
1987,Fight! Super Robot Lifeform Transformers,Takara,Repug,Insect Monster,Cybertron,-,Insect Monster,Firebot,TV Magazine September 1987 Issue (sold August 1987) Lucky Draw. 5 Repugs were given away along with a set of Beast Former figures which were given away to 60 people. The Repug was the Hasbro version (Repugnus).,Lucky Draw,-
1987,Fight! Super Robot Lifeform Transformers The Headmasters,Takara,Fortress Maximus,Fortress Maximus,Cybertron,-,Base / Battle Station,Headmaster,Takara ran a lucky draw in selected stores for Hasbro's version of Fortress Maximus. To enter you had to complete a postcard and attach 3 Robot Points. The deadline for the draw was the 31st July 1986. Came with black & white photocopied instructions which had Japanese text and a congratulatory letter. Limited to 300 pieces.,Lucky Draw,-
1987,Fight! Super Robot Lifeform Transformers,Takara,Submarine Penbot,-,Cybertron,-,Submarine,Penbot,"Robot mode folds in half to form Vehicle mode. Came in Grey, Red, Black & Blue colours. These flitted on the end of pencils",Mainline,¥380
1987,Fight! Super Robot Lifeform Transformers,Takara,Tank Penbot,-,Cybertron,-,Tank,Penbot,"Robot mode folds in half to form Vehicle mode. Came in Grey, Red, Black & Blue colours. These flitted on the end of pencils",Mainline,¥380
1987,Fight! Super Robot Lifeform Transformers,Takara,Fighter Jet Penbot,-,Cybertron,-,Jet,Penbot,"Robot mode folds in half to form Vehicle mode. Came in Grey, Red, Black & Blue colours. These flitted on the end of pencils",Mainline,¥380
1987,Fight! Super Robot Lifeform Transformers,Takara,Rodimus Convoy ,Rodimus Prime,Cybertron,H-01,-,Super Hybrid Model,"UNRELEASED. Super Hybrid Model (S.H.B.M). Non Transformable 9"" Vinyl figure",Unreleased,-
1987,Fight! Super Robot Lifeform Transformers,Takara,Arcee,Arcee,Cybertron,H-03,-,Super Hybrid Model,"UNRELEASED. Super Hybrid Model (S.H.B.M). Non Transformable 9"" Vinyl figure",Unreleased,-
1987,Fight! Super Robot Lifeform Transformers,Takara,Rodimus Convoy ,Rodimus Prime,Cybertron,T-01,-,Talking Former,"""Talking Former"" Talking Vinyl Figure. Speaks with phrases from Rodimus' voice actor Hiroya Ishimaru: ""I leave the Earth to you!""; ""Now, lets defeat the Destrons!""; ""I protect all in the name of justice!""; ""Cybertron warriors, Transform!""",Mainline,"¥2,300"
1987,Fight! Super Robot Lifeform Transformers,Takara,Rodimus Convoy ,Rodimus Prime,Cybertron,C-77,-,Soft Robo,"Soft Robo figure 2 pack (Galvatron v Rodimus Convoy) which have also been sold in the Transformer Junior Line. (Rodimus Convoy came with the ""Cybertron Leader Set"" & Galvatron came with the ""Ultra Magnus VS Galvatron"" set)",Mainline,¥200
1987,Fight! Super Robot Lifeform Transformers,Takara,Ultra Magnus,Ultra Magnus,Cybertron,C-69,-,Forms Robo,"Large ""Decoy"" sold in bag. Red, Yellow, Blue or Green Silicone Rubber",Mainline,¥200
1987,Fight! Super Robot Lifeform Transformers,Takara,Guardian,Defensor,Cybertron,C-76,-,Forms Robo,"Large ""Decoy"" sold in bag. Red, Yellow, Blue or Green Silicone Rubber",Mainline,¥200
1987,Fight! Super Robot Lifeform Transformers,Takara,Metroflex,Metroplex,Cybertron,C-70,-,Forms Robo,"Large ""Decoy"" sold in bag. Red, Yellow, Blue or Green Silicone Rubber",Mainline,¥200
1987,Fight! Super Robot Lifeform Transformers,Takara,Rodimus Convoy ,Rodimus Prime,Cybertron,C-77,-,Forms Robo,"Large ""Decoy"" sold in bag. Red, Yellow, Blue or Green Silicone Rubber",Mainline,¥200
1987,Fight! Super Robot Lifeform Transformers,Takara,Superion,Superion,Cybertron,C-55,-,Forms Robo,"Large ""Decoy"" sold in bag. Red, Yellow, Blue or Green Silicone Rubber",Mainline,¥200
1987,Fight! Super Robot Lifeform Transformers,Takara,Convoy Trophy,Optimus Prime,Cybertron,01,-,Trophy,"Gold plated Convoy figure mounted on base in robot mode. Takara staff commemorative trophy. The plaque reads ""Transformers 3rd Year Anniversary, June 11th, 1987.  Takara, Inc""",Exclusive,-
1987,Fight! Super Robot Lifeform Transformers,Takara,Kirk white ver,-,Cybertron,-,-,Cybertron Master Warrior,"White redco (made so children could custom colour these figures). These were created for the promotional Throttlebot campaign and were passed out to participating stores and given away with the purchase of a Throttlebot. These were randomly given away with a Throttlebot. Some stores gave away all 6 with the purchase of all 6 Throttlebots. (give away detailed in the 2001 Transformers Generations book, p138)",Promotional,-
1987,Fight! Super Robot Lifeform Transformers,Takara,Lione white ver,-,Cybertron,-,-,Cybertron Master Warrior,"White redco (made so children could custom colour these figures). These were created for the promotional Throttlebot campaign and were passed out to participating stores and given away with the purchase of a Throttlebot. These were randomly given away with a Throttlebot. Some stores gave away all 6 with the purchase of all 6 Throttlebots. (give away detailed in the 2001 Transformers Generations book, p138)",Promotional,-
1987,Fight! Super Robot Lifeform Transformers,Takara,Loafer white ver,-,Cybertron,-,-,Cybertron Master Warrior,"White redco (made so children could custom colour these figures). These were created for the promotional Throttlebot campaign and were passed out to participating stores and given away with the purchase of a Throttlebot. These were randomly given away with a Throttlebot. Some stores gave away all 6 with the purchase of all 6 Throttlebots. (give away detailed in the 2001 Transformers Generations book, p138)",Promotional,-
1987,Fight! Super Robot Lifeform Transformers,Takara,Rodney white ver,-,Cybertron,-,-,Cybertron Master Warrior,"White redco (made so children could custom colour these figures). These were created for the promotional Throttlebot campaign and were passed out to participating stores and given away with the purchase of a Throttlebot. These were randomly given away with a Throttlebot. Some stores gave away all 6 with the purchase of all 6 Throttlebots. (give away detailed in the 2001 Transformers Generations book, p138)",Promotional,-
1987,Fight! Super Robot Lifeform Transformers,Takara,Shuffler white ver,-,Cybertron,-,-,Cybertron Master Warrior,"White redco (made so children could custom colour these figures). These were created for the promotional Throttlebot campaign and were passed out to participating stores and given away with the purchase of a Throttlebot. These were randomly given away with a Throttlebot. Some stores gave away all 6 with the purchase of all 6 Throttlebots. (give away detailed in the 2001 Transformers Generations book, p138)",Promotional,-
1987,Fight! Super Robot Lifeform Transformers,Takara,Toraizer white ver,-,Cybertron,-,-,Cybertron Master Warrior,"White redco (made so children could custom colour these figures). These were created for the promotional Throttlebot campaign and were passed out to participating stores and given away with the purchase of a Throttlebot. These were randomly given away with a Throttlebot. Some stores gave away all 6 with the purchase of all 6 Throttlebots. (give away detailed in the 2001 Transformers Generations book, p138)",Promotional,-
1987,Fight! Super Robot Lifeform Transformers,Takara,Broadcast,Blaster,Cybertron,38,-,Plastic Model Kit,Seven (subsidiary of Takara) Plastic Model Kit,Mainline,TBC
1987,Fight! Super Robot Lifeform Transformers,Takara,Ultra Magnus,Ultra Magnus,Cybertron,C-69,-,Plastic Model Kit,Seven (subsidiary of Takara) Plastic Model Kit,Mainline,TBC
1987,Fight! Super Robot Lifeform Transformers,Takara,Alloy Mascot Set,-,Cybertron,-,-,Decoy,Wrist watch packaged with small metal figurines of Hot Rodimus & Metroflex. Released in TF Junior packaging.,Mainline,TBC
1987,Fight! Super Robot Lifeform Transformers,Takara,Scramble Gun Set Part 2,-,Cybertron,-,-,Decoy,Vinyl Ultra Magnus (Soft Robo) with a role play gun and 4 random peach coloured decoys,Mainline,TBC
1987,Fight! Super Robot Lifeform Transformers,Takara,The Mystery of the Headmasters,-,-,-,-,Cassette,TV Magazine ran a campaign between  15th July and 30th September 1987 where participants had to send in a postcard to complete the missing Katakana characters (it spelt The Headmasters). 700 people were chosen each month,Lottery,-
1987,Fight! Super Robot Lifeform Transformers,Takara,Razorclaw,Razorclaw,Destron,D-73,Lion,Animatron,Released February 1987. This version did not contain any diecast metal. Animatron Lion,Mainline,"¥2,200"
1987,Fight! Super Robot Lifeform Transformers,Takara,Rampage,Rampage,Destron,D-74,Tiger,Animatron,Released February 1987. This version did not contain any diecast metal. Animatron Tiger,Mainline,"¥2,200"
1987,Fight! Super Robot Lifeform Transformers,Takara,Divebomb,Divebomb,Destron,D-75,Eagle,Animatron,Released February 1987. This version did not contain any diecast metal. Animatron Eagle,Mainline,"¥2,200"
1987,Fight! Super Robot Lifeform Transformers,Takara,Tantrum,Tantrum,Destron,D-76,Buffalo,Animatron,Released February 1987. This version did not contain any diecast metal. Animatron Buffalo,Mainline,"¥2,200"
1987,Fight! Super Robot Lifeform Transformers,Takara,Headstrong,Headstrong,Destron,D-77,Rhinoceros,Animatron,Released February 1987. This version did not contain any diecast metal. Animatron Rhinoceros,Mainline,"¥2,200"
1987,Fight! Super Robot Lifeform Transformers,Takara,Predaking,Predaking,Destron,D-78,Combiner,Animatron,"Giftset, Japanese exclusive. Plastic figures only. Released February 1987. At the time of its relesae Predaking was the most expensive Transformer until Fortress Maximus who was released later in 1987",Mainline,"¥11,000"
1987,Scramble City,Takara,Hun-Grur,Hun-Gurrr,Destron,D-79,Double Headed Dragon,Terrortron,Released July 1987. 2 headed dragon & 'Base'. Terrortron,Mainline,"¥1,980"
1987,Scramble City,Takara,Rippersnapper,Rippersnapper,Destron,D-80,Shark Monster,Terrortron,Released July 1987. Land shark. Terrortron,Mainline,¥880
1987,Scramble City,Takara,Sinnertwin,Sinnertwin,Destron,D-81,Two Headed Beast,Terrortron,Released July 1987. 2 headed hell hound. Terrortron,Mainline,¥880
1987,Scramble City,Takara,Cutthroat,Cutthroat,Destron,D-82,Pteranodon Monster,Terrortron,Released July 1987. Pteranodon monster. Terrortron,Mainline,¥880
1987,Scramble City,Takara,Blot,Blot,Destron,D-83,Monster,Terrortron,Released July 1987. Monster Terrortron,Mainline,¥880
1987,Scramble City,Takara,Abominus,Abominus,Destron,D-84,Combiner,Terrortron,Released July 1987. Giftset of all 5 Terrortrons. Only released in Japan and Italy.,Mainline,"¥5,500"
1987,Fight! Super Robot Lifeform Transformers The Headmasters,Takara,Skull,Skullcruncher,Destron,D-85,Alligator,Headmaster Crazytron,"Released July 1987. Alligator. Headmaster Crazytron. The Headmaster figure is called ""Grax""",Mainline,"¥2,300"
1987,Fight! Super Robot Lifeform Transformers The Headmasters,Takara,Weirdwolf,Weirdwolf,Destron,D-86,Wolf,Headmaster Crazytron,"Released July 1987. Wolf. Headmaster Crazytron. The Headmaster figure is called ""Monzo""",Mainline,"¥2,300"
1987,Fight! Super Robot Lifeform Transformers The Headmasters,Takara,Wipe,Mindwipe,Destron,D-87,Bat,Headmaster Crazytron,"Released July 1987. Bat. Headmaster Crazytron. The Headmaster figure is called ""Vorath""",Mainline,"¥2,300"
1987,Fight! Super Robot Lifeform Transformers Targetmaster,Takara,Triggerhappy w/ Blowpipe,Triggerhappy,Destron,D-88,Futuristic Gunship,Targetmaster,Gunship. Targetmaster Jetron. Targetmaster partner Blowpipe,Mainline,"¥1,980"
1987,Fight! Super Robot Lifeform Transformers Targetmaster,Takara,Misfire w/ Aimless,Misfire,Destron,D-89,Futuristic attack ship,Targetmaster,Attack Ship. Targetmaster Jetron. Targetmaster partner Aimless,Mainline,"¥1,980"
1987,Fight! Super Robot Lifeform Transformers Targetmaster,Takara,Slugslinger w/ Caliburst,Slugslinger,Destron,D-90,Futuristic Double nosed jet,Targetmaster,Double nosed jet. Targetmaster Jetron. Targetmaster partner Caliburst,Mainline,"¥1,980"
1987,Fight! Super Robot Lifeform Transformers Targetmaster,Takara,Cyclonus w/ Nightstick,Cyclonus,Destron,D-91,Futuristic Star Fighter,Targetmaster,UNRELEASED,Mainline,-
1987,Fight! Super Robot Lifeform Transformers Targetmaster,Takara,Scourge w/ Fracas,Scourge,Destron,D-92,Futuristic Skiff,Targetmaster,UNRELEASED,Mainline,-
1987,Fight! Super Robot Lifeform Transformers The Headmasters,Takara,Mega Zarak,Scorponok,Destron,D-93,Scorpion & Base,Headmaster,"Large headmaster, scorpion to base. Comes with Scorponok (Lord Zarak) and Fast Track.",Mainline,"¥4,980"
1987,Fight! Super Robot Lifeform Transformers,Takara,Pounce,Pounce,Destron,D-94,Jaguar,Clonetron,Two pack of Wingspan (Eagle) & Pounce (Wolf). The robot modes look identical but they have different alternate modes,Mainline,"¥1,980"
1987,Fight! Super Robot Lifeform Transformers,Takara,Wingspan,Wingspan,Destron,D-94,Hawk,Clonetron,Two pack of Wingspan (Eagle) & Pounce (Wolf). The robot modes look identical but they have different alternate modes,Mainline,"¥1,980"
1987,Fight! Super Robot Lifeform Transformers,Takara,Battletrap,Battletrap,Destron,D-96,Ford F-150 camper truck & AH-64 Apache Helicopter.,Two-in-One,Ford F-150 camper truck & AH-64 Apache Helicopter. Two-in-One,Mainline,"¥1,200"
1987,Fight! Super Robot Lifeform Transformers,Takara,Flywheels,Flywheels,Destron,D-97,F-4 Phantom II fighter jet & Howitzer Tank,Two-in-One,Tank & Jet. Two-in-One,Mainline,"¥1,200"
1987,Fight! Super Robot Lifeform Transformers,Takara,Sixshot,Sixshot,Destron,D-98,Six Changer,Six Changer,"Transforms between 6 different modes and a ""hidden"" seventh: Robot / Starfighter Jet / Tank / Laser Pistol / Wolf / Armoured Carrier and the seventh: Winged Wolf",Mainline,"¥3,980"
1987,Fight! Super Robot Lifeform Transformers The Headmasters,Takara,Apeface,Apeface,Destron,D-99,Jet & Gorilla,Headmaster Horrortron,"Jet & Gorilla. Headmaster Horrortron. The Headmaster figure is called ""Spazma"".",Mainline,"¥2,300"
1987,Fight! Super Robot Lifeform Transformers The Headmasters,Takara,Snapdragon,Snapdragon,Destron,D-100,Jet & Dragon,Headmaster Horrortron,"Jet and Dragon. Headmaster Horrortron. The Headmaster figure is called ""Krunk"".",Mainline,"¥2,300"
1987,Fight! Super Robot Lifeform Transformers,Takara,Soundblaster,Soundblaster,Destron,D-101,Double Microcassette Player,Communications,"Released August 1987. Black repaint of Soundwave; the chest has been remoulded to fit two Micro Cassettes. Comes with D-106 Buzzsaw who has blueprint sticker for Fortress Maximus with a hidden weakpoint. When inserted in Soundblaster, the red casette door shows up the weakspot on Fortress Maximus, similar to the tech spec decoder method.",Mainline,"¥2,980"
1987,Fight! Super Robot Lifeform Transformers,Takara,Rumble,Rumble,Destron,D-102,Microcassette,Cassettron,UNRELEASED,Mainline,-
1987,Fight! Super Robot Lifeform Transformers,Takara,Frenzy,Frenzy,Destron,D-103,Microcassette,Cassettron,UNRELEASED,Mainline,-
1987,Fight! Super Robot Lifeform Transformers,Takara,Jaguar,Ravage,Destron,D-104,Microcassette,Cassettron,UNRELEASED,Mainline,-
1987,Fight! Super Robot Lifeform Transformers,Takara,Condor,Laserbeak,Destron,D-105,Microcassette,Cassettron,UNRELEASED,Mainline,-
1987,Fight! Super Robot Lifeform Transformers,Takara,Buzzsaw,Buzzsaw,Destron,D-106,Microcassette,Cassettron,UNRELEASED. Buzzsaw was not released individually but was released with D-101 Soundblaster,Mainline,-
1987,Fight! Super Robot Lifeform Transformers,Takara,Ratbat,Ratbat,Destron,D-107,Microcassette,Cassettron,UNRELEASED,Mainline,-
1987,Fight! Super Robot Lifeform Transformers,Takara,Slugfest,Slugfest,Destron,D-108,Microcassette,Cassettron,Released August 1987. Microcassette to Stegosaurus. Cassetron,Mainline,¥680
1987,Fight! Super Robot Lifeform Transformers,Takara,Overkill,Overkill,Destron,D-109,Microcassette,Cassettron,Released August 1987. Microcassette to Tyrannosaurus Rex (with horn). Cassetron,Mainline,¥680
1987,Fight! Super Robot Lifeform Transformers,Takara,Dirge,Dirge,Destron,97,Modified F-15 Fighting Eagle,Jetron,"Available to order through the following mail order Leaflet: ""Only you can save the Cybertrons!!"" Orders were live up until 30th June 1988. Sold in a Hasbro box",Mail Away,"¥1,980 & 4 Robot Points"
1987,Fight! Super Robot Lifeform Transformers,Takara,Kickback,Kickback,Destron,40,Grasshopper,Insectron,"Available to order through the following mail order Leaflet: ""Only you can save the Cybertrons!!"" Orders were live up until 30th June 1988. Sold in a Hasbro box",Mail Away,¥880 & 2 Robot Points
1987,Fight! Super Robot Lifeform Transformers,Takara,Bombshell,Bombshell,Destron,41,Japanese rhinoceros beetle,Insectron,"Available to order through the following mail order Leaflet: ""Only you can save the Cybertrons!!"" Orders were live up until 30th June 1988. Sold in a Hasbro box",Mail Away,¥880 & 2 Robot Points
1987,Fight! Super Robot Lifeform Transformers,Takara,Shrapnel,Shrapnel,Destron,42,Stag Beetle,Insectron,"Available to order through the following mail order Leaflet: ""Only you can save the Cybertrons!!"" Orders were live up until 30th June 1988. Sold in a Hasbro box",Mail Away,¥880 & 2 Robot Points
1987,Fight! Super Robot Lifeform Transformers ,Takara,Transformer VS Set,-,Destron,D-62,Car Carrier,Transformer Juniors,Ultra Magnus jr with a Soft Robo Galvatron vinyl figure and a small Metroflex metal figure.,Mainline,TBC
1987,Fight! Super Robot Lifeform Transformers ,Takara,Dinosaurer,Trypticon,Destron,D-63,Battle Station,Transformer Juniors,Smaller version of Dinosaurer. Transforms into attack base.,Mainline,TBC
1987,Fight! Super Robot Lifeform Transformers ,Takara,Soundblaster,Soundblaster,Destron,D-101,Microcassette Player,Transformer Juniors,Black redeco of Transformer Alloy Soundwave,Mainline,TBC
1987,Fight! Super Robot Lifeform Transformers,Takara,Blitzwing,Blitzwing,Destron,43,-,Plastic Model Kit,Seven (subsidiary of Takara) Plastic Model Kit,Mainline,TBC
1987,Fight! Super Robot Lifeform Transformers,Takara,Frenzy,Frenzy,Destron,18,-,Plastic Model Kit,Seven (subsidiary of Takara) Plastic Model Kit. 2 pack with Rumble,Mainline,TBC
1987,Fight! Super Robot Lifeform Transformers,Takara,Rumble,Rumble,Destron,-,-,Plastic Model Kit,Seven (subsidiary of Takara) Plastic Model Kit. 2 pack with Frenzy,Mainline,TBC
1987,Fight! Super Robot Lifeform Transformers,Takara,Galvatron,Galvatron,Destron,H-02,-,Super Hybrid Model,"UNRELEASED. Super Hybrid Model (S.H.B.M). Non Transformable 9"" Vinyl figure",Unreleased,-
1987,Fight! Super Robot Lifeform Transformers,Takara,Galvatron,Galvatron,Destron,T-02,-,Talking Former,"""Talking Former"" Talking Vinyl Figure. Speaks with phrases from Rodimus' voice actor Hiroya Ishimaru: ""I leave the Earth to you!""; ""Now, lets defeat the Destrons!""; ""I protect all in the name of justice!""; ""Cybertron warriors, Transform!""",Mainline,"¥2,300"
1987,Fight! Super Robot Lifeform Transformers,Takara,Galvatron,Galvatron,Destron,D-62,-,Soft Robo,"Soft Robo figure 2 pack (Galvatron v Rodimus Convoy) which have also been sold in the Transformer Junior Line. (Rodimus Convoy came with the ""Cybertron Leader Set"" & Galvatron came with the ""Ultra Magnus VS Galvatron"" set)",Mainline,¥200
1987,Fight! Super Robot Lifeform Transformers,Takara,Bruticus,Bruticus,Destron,D-69,-,Forms Robo,"Large ""decoy"" sold individually in bag. Blue, Red, Yellow or Green Silicone Rubber",Mainline,¥200
1987,Fight! Super Robot Lifeform Transformers,Takara,Dinosaurer,Trypticon,Destron,D-63,-,Forms Robo,"Large ""decoy"" sold individually in bag. Blue, Red, Yellow or Green Silicone Rubber",Mainline,¥200
1987,Fight! Super Robot Lifeform Transformers,Takara,Menasor,Menasor,Destron,D-55,-,Forms Robo,"Large ""decoy"" sold individually in bag. Blue, Red, Yellow or Green Silicone Rubber",Mainline,¥200
1987,Fight! Super Robot Lifeform Transformers,Takara,Galvatron,Galvatron,Destron,D-62,-,Forms Robo,"Large ""decoy"" sold individually in bag. Blue, Red, Yellow or Green Silicone Rubber",Mainline,¥200
1987,Fight! Super Robot Lifeform Transformers,Takara,Predaking,Predaking,Destron,D-78,-,Forms Robo,"Large ""decoy"" sold individually in bag. Blue, Red, Yellow or Green Silicone Rubber",Mainline,¥200
1987,Fight! Super Robot Lifeform Transformers,Takara,Gnaw,Gnaw,Destron,-,Shark Monster,Sharktron,"TV Magazine Lucky draw. 5 Sharktrons were given away along with a set of six Beast Former figures which were given away to 300 people. This release of Sharktron did not come with the gold ""Limited Edition"" sticker on the box however it did come with a promotional flyer saying White Leo had caught Sharktron. The figure is still named Gnaw on the box and instructions but is named ""Sharktron"" on the promotional material.",Lucky Draw,-
1988,The Transformers,Hasbro,Optimus Prime w/ HiQ,Super Ginrai,Autobot,-,Tractor Trailer / Defense Base,Powermaster Autobot Leader,"Tractor trailer & base, cab and base transform into super robot, Nebulan Powermaster partner HiQ turns into engine allowing transformation to robot mode",Mainline,$24.99
1988,The Transformers,Hasbro,Getaway w/ Rev,Lightfoot,Autobot,-,Mazda RX-7 Turbo II,Powermaster Autobot,"Mazda RX-7 Turbo II, Nebulan Powermaster partner Rev turns into engine allowing transformation to robot mode",Mainline,$12.99
1988,The Transformers,Hasbro,Joyride w/ Hotwire,Ranger,Autobot,-,Off Road Buggy,Powermaster Autobot,"Off Road buggy, Nebulan partner Hotwire turns into engine allowing transformation to robot mode",Mainline,$12.99
1988,The Transformers,Hasbro,Slapdash w/ Hotwire,Roadking,Autobot,-,Indy Car,Powermaster Autobot,"Indy car, Nebulan Powermaster partner Lube turns into engine allowing transformation to robot mode",Mainline,$12.99
1988,The Transformers,Hasbro,Hosehead w/ Lug,Cab,Autobot,-,Fire engine,Headmaster Autobot,"Fire engine, Nebulan Headmaster partner Lug turns into head",Mainline,$9.99
1988,The Transformers,Hasbro,Nightbeat w/ Muzzle,Minerva,Autobot,-,Porsche 959 Turbo,Headmaster Autobot,"Porsche 959 Turbo, Nebulan Headmaster partner Muzzle turns into head",Mainline,$9.99
1988,The Transformers,Hasbro,Siren w/ Quig,Go Shooter,Autobot,-,Toyota Supra fire chief car,Headmaster Autobot,"Toyota Supra fire chief car, Nebulan Headmaster partner Quig turns into head",Mainline,$9.99
1988,The Transformers,Hasbro,Quickswitch,Sixknight,Autobot,-,"Drill, cougar, gun, hydrofoil, jet & robot",Sixchanger Autobot,"Transforms between Robot, Flying Puma, Laser Pistol, Jet, Drill Tank & Hovercraft",Mainline,$17.99
1988,The Transformers,Hasbro,Grandslam,-,Autobot,-,Microcassette,Cassette,Cassette transforms into a Tank. 2-pack set with Raindance. Both Grandslam and Raindance combine to form Slamdance robot. Unreleased in Japan,Mainline,$5.99
1988,The Transformers,Hasbro,Raindance,-,Autobot,-,Microcassette,Cassette,Cassette transforms into a Jet. 2-pack set with Grandslam. Both Grandslam and Raindance combine to form Slamdance robot. Unreleased in Japan,Mainline,$5.99
1988,The Transformers,Hasbro,Slamdance,-,Autobot,-,Microcassette,Cassette Combiner,Grandslam and Raindance combine to form the robot Slamdance. Unreleased in Japan,Mainline,$5.99
1988,The Transformers,Hasbro,Landfill w/ Silencer & Flintlock,-,Autobot,-,Dump Truck,Targetmaster Autobot,"Dump truck, Nebulan Targetmaster partners (Silencer & Flintlock) turn into weapon",Mainline,$6.99
1988,The Transformers,Hasbro,Quickmix w/ Ricochet & Boomer,-,Autobot,-,Cement Mixer,Targetmaster Autobot,"Cement mixer truck, Nebulan Targetmaster partners (Ricochet & Boomer) turn into weapons",Mainline,$6.99
1988,The Transformers,Hasbro,Scoop w/ Tracer & Holepunch,-,Autobot,-,Payloader,Targetmaster Autobot,"Payloader, Nebulan Targetmaster partners (Tracer & Holepunch) turn into weapons",Mainline,$6.99
1988,The Transformers,Hasbro,Backstreet,-,Autobot,-,Porsche 962 Racer,Triggerbot Autobot,"Porsche 962 racer, button brings down weapons in robot mode",Mainline,$4.99
1988,The Transformers,Hasbro,Dogfight,-,Autobot,-,Grumman X-z9 Jet,Triggerbot Autobot,"Grumman X-Z9 jet, button brings down weapons in robot mode",Mainline,$4.99
1988,The Transformers,Hasbro,Override,-,Autobot,-,Motorcycle,Triggerbot Autobot,"Motorcycle, button brings down weapons in robot mode",Mainline,$4.99
1988,The Transformers,Hasbro,Fizzle,Wildspark,Autobot,-,Off Road racer,Sparkabot Autobot,"Off Road racer, motor produces spark from rear of vehicle",Mainline,$3.99
1988,The Transformers,Hasbro,Guzzle,Hardspark,Autobot,-,ROF Challenger 1MBT Tank,Sparkabot Autobot,"ROF Challenger 1MBT Tank, motor produces spark from rear of vehicle",Mainline,$3.99
1988,The Transformers,Hasbro,Sizzle,Hotspark,Autobot,-,Funny car,Sparkabot Autobot,"Funny car, motor produces spark from rear of vehicle",Mainline,$2.99
1988,The Transformers,Hasbro,Cloudburst,Phoenix,Autobot,-,Futuristic jet,Pretenders Autobot,Human Pretender shell opens up to reveal a robot that transforms into a jet,Mainline,$10.99
1988,The Transformers,Hasbro,Groundbreaker,-,Autobot,-,Futuristic race car,Pretenders Autobot,Human Pretender shell opens up to reveal a robot that transforms into a car,Mainline,$10.99
1988,The Transformers,Hasbro,Landmine,Lander,Autobot,-,Futuristic car,Pretenders Autobot,Human Pretender shell opens up to reveal a robot that transforms into a car,Mainline,$10.99
1988,The Transformers,Hasbro,Sky High,-,Autobot,-,Futuristic helicopter,Pretenders Autobot,Human Pretender shell opens up to reveal a robot that transforms into a helicopter,Mainline,$10.99
1988,The Transformers,Hasbro,Splashdown,-,Autobot,-,Futuristic sea skimmer,Pretenders Autobot,Human Pretender shell opens up to reveal a robot that transforms into a sea skimmer,Mainline,$10.99
1988,The Transformers,Hasbro,Waverider,Diver,Autobot,-,Futuristic submarine,Pretenders Autobot,Human Pretender shell opens up to reveal a robot that transforms into a submarine,Mainline,$10.99
1988,The Transformers,Hasbro,Gunrunner,-,Autobot,-,Futuristic jet,Pretenders Autobot,Pretender vehicle shell opens up to reveal a robot that transforms into a jet,Mainline,$12.99
1988,The Transformers,Hasbro,Catilla,-,Autobot,-,Sabretooth Tiger,Pretenders Autobot,Pretender Beast: Sabretooth Tiger Pretender shell opens up to reveal mechanical Sabretooth tiger,Mainline,$10.99
1988,The Transformers,Hasbro,Chainclaw,-,Autobot,-,Bear,Pretenders Autobot,Pretender Beast: Bear Pretender shell opens up to reveal mechanical bear,Mainline,$10.99
1988,The Transformers,Hasbro,Highjump,Nutshell,Autobot,-,Jimmy GMC jeep,Micro Transformers,"Part of the Off Road Patrol of 4 ""Micro Transformers"": Highjump, Mudslinger, Powertrain & Tote. Released at the end of 1988",Mainline,$4.97
1988,The Transformers,Hasbro,Mudslinger,Footdemo,Autobot,-,Pickup Truck,Micro Transformers,"Part of the Off Road Patrol of 4 ""Micro Transformers"": Highjump, Mudslinger, Powertrain & Tote. Released at the end of 1989",Mainline,$4.97
1988,The Transformers,Hasbro,Powertrain,Freed,Autobot,-,1980 GMC General Sleeper Cab truck,Micro Transformers,"Part of the Off Road Patrol of 4 ""Micro Transformers"": Highjump, Mudslinger, Powertrain & Tote. Released at the end of 1990",Mainline,$4.97
1988,The Transformers,Hasbro,Tote,Flak,Autobot,-,Van,Micro Transformers,"Part of the Off Road Patrol of 4 ""Micro Transformers"": Highjump, Mudslinger, Powertrain & Tote. Released at the end of 1991",Mainline,$4.97
1988,The Transformers,Hasbro,Tailspin,Spinchange,Autobot,-,Porsche,Micro Transformers,"Part of the Race Car Patrol of 4 ""Micro Transformers"": Tailspin, Free Wheeler, Road Handler & Swindler. Released at the end of 1988",Mainline,$4.97
1988,The Transformers,Hasbro,Free Wheeler,Wheelrun,Autobot,-,Lamborghini Countach,Micro Transformers,"Part of the Race Car Patrol of 4 ""Micro Transformers"": Tailspin, Free Wheeler, Road Handler & Swindler. Released at the end of 1989",Mainline,$4.97
1988,The Transformers,Hasbro,Roadhandler,Roadhandler,Autobot,-,Trans-am,Micro Transformers,"Part of the Race Car Patrol of 4 ""Micro Transformers"": Tailspin, Free Wheeler, Road Handler & Swindler. Released at the end of 1990",Mainline,$4.97
1988,The Transformers,Hasbro,Swindler,Glorean,Autobot,-,DeLorean DMC-12,Micro Transformers,"Part of the Race Car Patrol of 4 ""Micro Transformers"": Tailspin, Free Wheeler, Road Handler & Swindler. Released at the end of 1991",Mainline,$4.97
1988,The Transformers,Hasbro,Wheeljack,Wheeljack,Autobot,-,1975 Lancia Stratos Turbo,Autobot Car,"Sent in a plain box and toy packaged in a clear plastic bag with a black and white tech spec. Available to order through the pamphlet: ""The Autobots Are Under Attack!"" (Offer Expired 31/12/1988) ",Mail Away,$8 & 2 Robot Points
1988,The Transformers,Hasbro,Mirage,Ligier,Autobot,-,Citanes JS11-F1 Racing Car,Autobot Car,"Sent in a plain box and toy packaged in a clear plastic bag with a black and white tech spec. Available to order through the pamphlet: ""The Autobots Are Under Attack!"" (Offer Expired 31/12/1988) ",Mail Away,$8 & 2 Robot Points
1988,The Transformers,Hasbro,Sunstreaker,Sunstreaker,Autobot,-,Lamborghini Countach LP500S,Autobot Car,"Sent in a plain box and toy packaged in a clear plastic bag with a black and white tech spec. Available to order through the pamphlet: ""The Autobots Are Under Attack!"" (Offer Expired 31/12/1988) ",Mail Away,$8 & 2 Robot Points
1988,The Transformers,Hasbro,Ratchet,Ratchet,Autobot,-,Nissan Onebox Cherry Vanette ambulance,Autobot Car,"Sent in a plain box and toy packaged in a clear plastic bag with a black and white tech spec. Available to order through the pamphlet: ""The Autobots Are Under Attack!"" (Offer Expired 31/12/1988) ",Mail Away,$8 & 2 Robot Points
1988,The Transformers,Hasbro,Cosmos,Adams,Autobot,-,UFO,Minibot,"Sent in a plain box and toy packaged in a clear plastic bag with a black and white tech spec. Available to order through the pamphlet: ""The Autobots Are Under Attack!"" (Offer Expired 31/12/1988). You could also purchase all 3 Minibots, Cosmos, Cliffjumper & Warpath for $9.50 and 1 robot point.",Mail Away,$3.50 & 1 Robot Point
1988,The Transformers,Hasbro,Cliffjumper,Cliff,Autobot,-,Porsche 924 Turbo,Minibot,"Sent in a plain box and toy packaged in a clear plastic bag with a black and white tech spec. Available to order through the pamphlet: ""The Autobots Are Under Attack!"" (Offer Expired 31/12/1988). This was actually a Hubcap figure",Mail Away,$3.50 & 1 Robot Point
1988,The Transformers,Hasbro,Warpath,Warpath,Autobot,-,General Motors M551 Sheridan AR/AAV,Minibot,"Sent in a plain box and toy packaged in a clear plastic bag with a black and white tech spec. Available to order through the pamphlet: ""The Autobots Are Under Attack!"" (Offer Expired 31/12/1988) ",Mail Away,$3.50 & 1 Robot Point
1988,The Transformers,Hasbro,S.T.A.R.S Membership,S.T.A.R.S Member,Autobot,-,Play Set,Play Set,"Secret Transformers Autobot Rescue Squad Mail-Away. Came with cardboard control centre, iron on patches, poster, membership card and a Tech Spec Manual. Available to order through the following mail order pamphlets: ""You have been chosen."" (Offer Expired 31/12/1987), ""Can one boy, alone, hold back the evil Decepticons?"" (Offer Expired 30/06/1987) & ""Go See ""The Transformers - The Movie"" Promotional Poster,  (this offer closed 31st December 1986)",Mail Away,$5.00
1988,The Transformers,Hasbro,Hot Rod,Hot Rodimus,Autobot,-,Futuristic Race Car,Autobot Car,"UK Mailaway with the leaflet ""S.O.S Optimus Prime Is Back"". Offer expired 31st December 1988.",Mail Away,£5.99 & 2 Robot Points
1988,The Transformers,Hasbro,Sureshot w/ Spoil,Sureshot,Autobot,-,Futuristic Buggy,Targetmaster,"UK Mailaway with the leaflet ""S.O.S Optimus Prime Is Back"". Offer expired 31st December 1988.",Mail Away,£5.99 & 2 Robot Points
1988,The Transformers,Hasbro,Chromedrome,Chromedome,Autobot,-,Futuristic Car,Headmaster,"UK Mailaway with the leaflet ""S.O.S Optimus Prime Is Back"". Offer expired 31st December 1988.",Mail Away,£7.99 & 2 Robot Points
1988,The Transformers,Hasbro,T-Shirt (Powermaster Optimus Prime print),-,Autobot,-,-,-,"UK Mailaway with the leaflet ""S.O.S Optimus Prime Is Back"". Offer expired 31st December 1988.",Mail Away,£2.99 & 1 Robot Point
1988,The Transformers,Hasbro,Darkwing w/ Throttle,Buster,Decepticon,-,Panavia Tornado GR1 jet,Powermaster Decepticon,"Panavia Tornado GR1 jet, combines with Dreadwind in jet mode to form Dreadwing, Nebulan Powermaster partner Throttle turns into engine allowing transformation to robot mode",Mainline,$12.99
1988,The Transformers,Hasbro,Dreadwind w/ Hi-Test,Hydra,Decepticon,-,General Dynamics F-16 fighting Falcon,Powermaster Decepticon,"General Dynamics F-16 fighting Falcon, combines with Darkwing in jet mode to form Dreadwing, Nebulan Powermaster partner Hi-Test turns into engine allowing transformation to robot mode",Mainline,$12.99
1988,The Transformers,Hasbro,Doubledealer w/ Knok & Scar,Doubleclouder,Decepticon,-,ICBM missile launcher & Eagle,Powermaster Mercenary,ICBM missile launcher & Eagle; Nebulan Powermaster Knok allows transformation to 'Autobot' Robot; Nebulan Powermaster Skar allows transformation to Decepticon Eagle,Mainline,$12.99
1988,The Transformers,Hasbro,Fangry w/ Brisko,Wilder,Decepticon,-,Werewolf,Headmaster Decepticon,"Werewolf, Nebulan Headmaster partner Brisko turns into head",Mainline,$9.99
1988,The Transformers,Hasbro,Horri-Bull w/ Kreb,Bullhorn,Decepticon,-,Bull,Headmaster Decepticon,"Bull, Nebulan Headmaster partner Kreb turns into head",Mainline,$9.99
1988,The Transformers,Hasbro,Squeezeplay w/ Lokos,Cancer,Decepticon,-,Cobra Monster,Headmaster Decepticon,"Cobra monster, Nebulan Headmaster partner Lokos turns into head",Mainline,$9.99
1988,The Transformers,Hasbro,Nautilator,Lobclaw,Decepticon,-,Monster Lobster,Seacon Decepticon,Lobster monster & cannon. SE3,Mainline,$3.99
1988,The Transformers,Hasbro,Overbite,Overbite,Decepticon,-,Monster Shark,Seacon Decepticon,Monster shark & cannon. SE1,Mainline,$3.99
1988,The Transformers,Hasbro,Piranacon,King Poseidon,Decepticon,-,Combiner,Seacon Decepticon,Targetmaster' combiner giftset. The set omits Nautilator,Mainline,$27.99
1988,The Transformers,Hasbro,Seawing,Kraken,Decepticon,-,Monster Ray,Seacon Decepticon,Monster Ray & cannon. SE2,Mainline,$3.99
1988,The Transformers,Hasbro,Skalor,Gulf,Decepticon,-,Coelacanth Monster,Seacon Decepticon,Coelacanth monster & cannon. SE4,Mainline,$3.99
1988,The Transformers,Hasbro,Snaptrap,Turtlar,Decepticon,-,Monster Turtle,Seacon Decepticon Leader,Monster turtle. SE6,Mainline,$11.99
1988,The Transformers,Hasbro,Tentakill,Tentakill,Decepticon,-,Monster Squid,Seacon Decepticon,Monster squid & double cannon. SE5,Mainline,$3.99
1988,The Transformers,Hasbro,Beastbox,Beastbox,Decepticon,-,Microcassette,Cassette,Cassette transforms into a gorilla. 2-pack set with Squawktalk. Both Beastbox and Squawktalk combine to form Squawkbox robot. Unreleased in Japan,Mainline,$5.99
1988,The Transformers,Hasbro,Squawktalk,Squawktalk,Decepticon,-,Microcassette,Cassette,Cassette transforms into a condor. 2-pack set with Beastbox. Both Squawktalk and Beastbox combine to form Squawkbox robot. Unreleased in Japan,Mainline,$5.99
1988,The Transformers,Hasbro,Squawkbox,Squawkbox,Decepticon,-,Microcassette,Cassette Combiner,Beastbox and Squawktalk combine to form the robot Squawkbox. Unreleased in Japan,Mainline,$5.99
1988,The Transformers,Hasbro,Needlenose w/ Sunbeam & Zig-Zag,,Decepticon,-,General Dynamics F-16XL experimental fighter jet,Targetmaster Decepticon,"Jet, Nebulan Targetmaster partners (Sunbeam & Zig-Zag) turn into weapons",Mainline,$6.99
1988,The Transformers,Hasbro,Quake w/ Tiptop & Heater,,Decepticon,-,Leopard 2 MBT Tank,Targetmaster Decepticon,"Leopard 2 MBT tank, Nebulan partners (Tiptop & Heater) turn into weapons",Mainline,$6.99
1988,The Transformers,Hasbro,Spinister w/ Singe & Hairsplitter,,Decepticon,-,Boeing-McDonnell-Douglas AH-64 Apache Helicopter,Targetmaster Decepticon,"Boeing-McDonnell-Douglas AH-64 Apache Helicopter, Nebulan Targetmaster partners (Singe & Hairsplitter) turn into weapons",Mainline,$6.99
1988,The Transformers,Hasbro,Cindersaur,Guzzle,Decepticon,-,Dragon Monster,Firecon Decepticon,"Purple & grey dragon monster, wheel produces sparks out of beast modes mouth",Mainline,$3.99
1988,The Transformers,Hasbro,Flamefeather,Sizzle,Decepticon,-,Dragon Monster,Firecon Decepticon,"Blue & white dragon monster, wheel produces sparks out of beast modes mouth",Mainline,$3.99
1988,The Transformers,Hasbro,Sparkstalker,Jabile,Decepticon,-,Dragon Monster,Firecon Decepticon,"Purple & white dragon monster, wheel produces sparks out of beast modes mouth",Mainline,$3.99
1988,The Transformers,Hasbro,Crankcase,-,Decepticon,-,Range Rover 90,Triggercon Decepticon,"Range Rover 90, button brings down weapons in robot mode",Mainline,$4.99
1988,The Transformers,Hasbro,Rukus,-,Decepticon,-,Baja Buggy,Triggercon Decepticon,"Baja buggy, button brings down weapons in robot mode",Mainline,$4.99
1988,The Transformers,Hasbro,Windsweeper,-,Decepticon,-,Rockwell B-1B Lancer Jet,Triggercon Decepticon,"Rockwell B-1B Lancer jet, button brings down weapons in robot mode",Mainline,$4.99
1988,The Transformers,Hasbro,Bomb-Burst,Blood,Decepticon,-,Futuristic Hover Jet,Pretenders Decepticon,Bat monster Pretender shell opens up to reveal a robot that transforms into a hover jet,Mainline,$10.99
1988,The Transformers,Hasbro,Bugly,-,Decepticon,-,Futuristic Jet,Pretenders Decepticon,Insect monster Pretender shell opens up to reveal a robot that transforms into a jet,Mainline,$10.99
1988,The Transformers,Hasbro,Finback,-,Decepticon,-,Futuristic Sea Skimmer,Pretenders Decepticon,Sea monster Pretender shell opens up to reveal a robot that transforms into a sea skimmer,Mainline,$10.99
1988,The Transformers,Hasbro,Iguanus,-,Decepticon,-,Futuristic Motorcycle,Pretenders Decepticon,Lizard monster Pretender shell opens up to reveal a robot that transforms into a motorcycle,Mainline,$10.99
1988,The Transformers,Hasbro,Skullgrin,Dauros,Decepticon,-,Futuristic Tank,Pretenders Decepticon,Minotaur monster Pretender shell opens up to reveal a robot that transforms into a tank,Mainline,$10.99
1988,The Transformers,Hasbro,Submarauder,Glimer,Decepticon,-,Futuristic Submarine,Pretenders Decepticon,Fish-man monster Pretender shell opens up to reveal a robot that transforms into a submarine,Mainline,$10.99
1988,The Transformers,Hasbro,Roadgrabber,-,Decepticon,-,Futuristic Jet,Pretenders Decepticon,Vehicle pretender shell opens up to reveal s smaller transformable jet,Mainline,$12.99
1988,The Transformers,Hasbro,Carnivac,-,Decepticon,-,Wolf,Pretenders Decepticon,Pretender Beast: Wolf Pretender shell opens up to reveal mechanical wolf,Mainline,$10.99
1988,The Transformers,Hasbro,Snarler,-,Decepticon,-,Wild Boar,Pretenders Decepticon,Pretender Beast: Wild boar shell opens up to reveal mehianical wild boar,Mainline,$10.99
1988,The Transformers,Hasbro,Nightflight,Nightflight,Decepticon,-,Grumman F-14D Tomcat fighter jet,Micro Transformers,"Part of the Air Strike Patrol of 4 ""Micro Transformers"": Nightflight, Storm Cloud, Tailwind & Whisper. Released at the end of 1988. Released in Japan as a Cybertron / Autobot in the ""Jet Patrol Team""",Mainline,$4.97
1988,The Transformers,Hasbro,Storm Cloud,Star Cloud,Decepticon,-,Dassault Rafale fighter jet,Micro Transformers,"Part of the Air Strike Patrol of 4 ""Micro Transformers"": Nightflight, Storm Cloud, Tailwind & Whisper. Released at the end of 1988. Released in Japan as a Cybertron / Autobot in the ""Jet Patrol Team""",Mainline,$4.97
1988,The Transformers,Hasbro,Tailwind,Windrim,Decepticon,-,Fairchild-Republic A-10 Thunderbolt II jet,Micro Transformers,"Part of the Air Strike Patrol of 4 ""Micro Transformers"": Nightflight, Storm Cloud, Tailwind & Whisper. Released at the end of 1988. Released in Japan as a Cybertron / Autobot in the ""Jet Patrol Team""",Mainline,$4.97
1988,The Transformers,Hasbro,Whisper,Whisper,Decepticon,-,Concept Stealth Jet,Micro Transformers,"Part of the Air Strike Patrol of 4 ""Micro Transformers"": Nightflight, Storm Cloud, Tailwind & Whisper. Released at the end of 1988. Released in Japan as a Cybertron / Autobot in the ""Jet Patrol Team""",Mainline,$4.97
1988,The Transformers,Hasbro,Megatron,Megatron,Decepticon,-,Walther P-38 with extensions,Decepticon Leader,"Sent in a plain box and toy packaged in polystyrene with a black and white tech spec. Available to order through the pamphlet: ""The Autobots Are Under Attack!"" (Offer Expired 31/12/1988) ",Mail Away,$21.50 & 5 Robot Points
1988,The Transformers,Hasbro,Thundercracker,Thundercracker,Decepticon,-,McDonnell Douglas F-15 Jet,Decepticon Jet,"Sent in a plain box and toy packaged in a clear plastic bag with a black and white tech spec. Available to order through the pamphlet: ""The Autobots Are Under Attack!"" (Offer Expired 31/12/1988) ",Mail Away,$10 & 2 Robot Points
1988,The Transformers,Hasbro,Reflector,Reflector,Decepticon,-,Camera,Camera,"Sent in a plain box and toy packaged in polystyrene with a black and white tech spec. Available to order through the pamphlet: ""The Autobots Are Under Attack!"" (Offer Expired 31/12/1988) ",Mail Away,$10 & 2 Robot Points
1988,The Transformers,Hasbro,Triggerhappy w/ Blowpipe,Triggerhappy,Decepticon,-,Futuristic Gunship,Targetmaster,"UK Mailaway with the leaflet ""S.O.S Optimus Prime Is Back"". Offer expired 31st December 1988.",Mail Away,£5.99 & 2 Robot Points
1988,The Transformers,Hasbro,Mindwipe,Wipe,Decepticon,-,Bat,Headmaster,"UK Mailaway with the leaflet ""S.O.S Optimus Prime Is Back"". Offer expired 31st December 1988.",Mail Away,£7.99 & 2 Robot Points
1988,Fight! Super Robot Lifeform Transformers: Super-God Masterforce,Takara,Metalhawk,-,Cybertron,C-201,Futuristic Jet,Pretenders,"Pretenders. Japanese exclusive, Die cast metal Pretender robot with human shell. This was not sold outside of Japan",Mainline,"¥1,980"
1988,Fight! Super Robot Lifeform Transformers: Super-God Masterforce,Takara,Phoenix,Cloudburst,Cybertron,C-202,Futuristic Jet,Pretenders,Pretenders. Futuristic jet with human shell. Identical to Hasbro's Cloudburst figure,Mainline,"¥1,600"
1988,Fight! Super Robot Lifeform Transformers: Super-God Masterforce,Takara,Diver,Waverider,Cybertron,C-203,Futuristic submarine,Pretenders,Pretenders. Futuristic submarine with human shell. Identical to Hasbro's Waverider figure.,Mainline,"¥1,600"
1988,Fight! Super Robot Lifeform Transformers: Super-God Masterforce,Takara,Goshooter,Siren,Cybertron,C-301,Toyota Supra fire chief car,Headmaster Jr,Headmaster Jr. White & blue redeco of Hasbro's Siren.,Mainline,"¥1,800"
1988,Fight! Super Robot Lifeform Transformers: Super-God Masterforce,Takara,Cab,Hosehead,Cybertron,C-302,Fire Engine,Headmaster Jr,"Headmaster Jr. Fire engine, Identical to Hasbros version (Hosehead). The romanised name on the box spells the name as ""Carb""",Mainline,"¥1,800"
1988,Fight! Super Robot Lifeform Transformers: Super-God Masterforce,Takara,Minerva,Nightbeat,Cybertron,C-303,Porsche 959 Turbo,Headmaster Jr,"Headmaster Jr. White & red redeco of Hasbro's Nightbeat. The romanised name on the box spells the name as ""Minelba"".",Mainline,"¥1,800"
1988,Fight! Super Robot Lifeform Transformers: Super-God Masterforce,Takara,Lightfoot,Getaway,Cybertron,C-304,Mazda RX-7 Turbo II,Godmaster,"Godmaster. Mazda RX-7 Turbo II. Identical to Hasbro's ""Getaway"" figure",Mainline,"¥1,980"
1988,Fight! Super Robot Lifeform Transformers: Super-God Masterforce,Takara,Ranger,Joyride,Cybertron,C-305,Off Road Buggy,Godmaster,Godmaster. Off Road Buggy. White & grey Joyride redeco,Mainline,"¥1,980"
1988,Fight! Super Robot Lifeform Transformers: Super-God Masterforce,Takara,Road King,Slapdash,Cybertron,C-306,Indy Car,Godmaster,"Godmaster. Indy car.  Identical to Hasbro's ""Slapdash"" figure",Mainline,"¥1,980"
1988,Fight! Super Robot Lifeform Transformers: Super-God Masterforce,Takara,Super Ginrai,Powermaster Optimus Prime,Cybertron,C-307,Tractor Trailer / Defense Base,Godmaster,"Godmaster. Retool of Hasbro's Powermaster Optimus Prime figure with a die cast metal cab and chrome grill & smokestacks. The grey plastic was changed to silver. The Godmaster and small robot are named ""Ginrai"", when combined with the trailer the large robot is named ""Super Ginrai"".",Mainline,"¥4,980"
1988,Fight! Super Robot Lifeform Transformers: Super-God Masterforce,Takara,Doubleclouder,Doubledealer,Cybertron,C-308,ICBM missile launcher & Eagle,Double Godmaster,"Double Godmaster. Redeco of Hasbro's Decepticon Doubledealer figure. Comes with two Godmaster figures: Cybetron Godmaster (Ninja) & Destron Godmaster (Bat). In the cartoon these figures represented the same characte named ""Clouder"". When the Cybertron plugs into the Millile Launcher vehicle mode, it can transform into the Cybertron robot mode. When the Destro Godmaster plugs into the vehicle mode, it transforms into the Destron Eagle mode. Despite the box photography, the Destron Godmaster has similar colours to the Skar (bat) Powermaster.",Mainline,"¥2,980"
1988,Fight! Super Robot Lifeform Transformers: Super-God Masterforce,Takara,God Bomber,-,Cybertron,C-309,Trailer,Cybertron,Released October 1988. Transforms into a trailer which can be towed by Super Ginrai. Technically this is a parts-former as you need to take the trailer apart in order to build the robot mode. Combines with C-307 Super Ginrai to form God Ginrai.,Mainline,"¥2,000"
1988,Fight! Super Robot Lifeform Transformers: Super-God Masterforce,Takara,God Ginrai,-,Cybertron,C-310,Double Tractor Trailer,Godmaster,Godmaster. Giftset of God Ginrai & Super Ginrai.,Mainline,"¥6,980"
1988,Fight! Super Robot Lifeform Transformers: Super-God Masterforce,Takara,Grand Maximus,-,Cybertron,C-311,Base / Battle Station,Headmaster & Pretender,Headmaster. Redeco of Fortress Maximus with Sword & Pretender shell for Grand. Comes with Gran (redeco of Fort); Grand (Redeco of Fortress); Onomisu (Grommet redeco) & Coca (Gasket redeco) combine into Cog,Mainline,"¥13,800"
1988,Fight! Super Robot Lifeform Transformers: Super-God Masterforce,Takara,Sixknight,Quickswitch,Cybertron,C-312,"Drill, cougar, gun, hydrofoil, jet & robot",Sixchanger,Sixchanger. Blue & chromed redeco of Quickswitch,Mainline,"¥2,500"
1988,Fight! Super Robot Lifeform Transformers: Super-God Masterforce,Takara,Aquastar,-,Cybertron,-,Engine,Godmaster Engine,"Blue & light blue with chrome robot, redeco of Hotwire - Joyrides partner",Mainline,¥250
1988,Fight! Super Robot Lifeform Transformers: Super-God Masterforce,Takara,Boret,-,Cybertron,-,Engine,Godmaster Engine,Red & blue with chrome robot; redeco of Lube - Slapdash's partner,Mainline,¥250
1988,Fight! Super Robot Lifeform Transformers: Super-God Masterforce,Takara,Zetoka,-,Cybertron,-,Engine,Godmaster Engine,"Blue & black with chrome robot, redeco of Rev - Getaway's partner",Mainline,¥250
1988,Fight! Super Robot Lifeform Transformers: Super-God Masterforce,Takara,God Bomber,-,Cybertron,C-309,Trailer,Cybertron,"""Lottery"" Promotion Boxed Transformers came with a leaflet called ""Who is that? It's Super Ginrai!!"" Entrants had to complete the partially completed name (Super Ginrai) and send off the answer to be in with a chance to win a prize. 700 people were selected by lottery each month with a total of 2,100 people overall in with a chance to win a God Bomber figure. The promotion was open between 1st July 1988 to 30th September 1988.",Lottery,-
1988,Fight! Super Robot Lifeform Transformers: Super-God Masterforce,Takara,Lander,Landmine,Cybertron,C-200,Futuristic car,Pretenders,"""Win Pretender Lander"" Lottery. To enter you had to attach 2 Robot Points to the promotional material and send off to the provided address by June 1988 to be entered into the draw. Lander would be sent off to the lucky winners at a rate of 500 a month. Limited to 3000 pieces. Other than the box, this was identical to Hasbro's Landmine release. (Lander was only available as a mail away ""Lucky Draw"" figure (as well as a TV Magazine Colouring Competition prize) as it was thought it would not sell well at retail.)",Lottery,-
1988,Fight! Super Robot Lifeform Transformers: Super-God Masterforce,Takara,Repug,Repugnus,Cybertron,-,Insect Monster,Monsterbot,"Available to order through the following mail order Leaflet: ""Get the American Transformers that aren't available in Japan!"" Orders were live up until 30th June 1990. Sold in a Hasbro box",Mail Away,"¥2,500 & 5 Robot Points"
1988,Fight! Super Robot Lifeform Transformers: Super-God Masterforce,Takara,Joyride,Ranger,Cybertron,-,Off Road Buggy,Powermaster Autobot,"Available to order through the following mail order Leaflet: ""Get the American Transformers that aren't available in Japan!"" Orders were live up until 30th June 1990. Sold in a Hasbro box",Mail Away,"¥1,980 & 4 Robot Points"
1988,Fight! Super Robot Lifeform Transformers: Super-God Masterforce,Takara,Nightbeat,Minerva,Cybertron,-,Porsche 959 Turbo,Headmaster Autobot,"Available to order through the following mail order Leaflet: ""Get the American Transformers that aren't available in Japan!"" Orders were live up until 30th June 1990. Sold in a Hasbro box",Mail Away,"¥1,800 & 4 Robot Points"
1988,Fight! Super Robot Lifeform Transformers: Super-God Masterforce,Takara,Siren,Go Shooter,Cybertron,-,Toyota Supra fire chief car,Headmaster Autobot,"Available to order through the following mail order Leaflet: ""Get the American Transformers that aren't available in Japan!"" Orders were live up until 30th June 1990. Sold in a Hasbro box",Mail Away,"¥1,800 & 4 Robot Points"
1988,Fight! Super Robot Lifeform Transformers: Super-God Masterforce,Takara,Video A,-,-,-,-,Video,"Available to order through the following mail order Leaflet: ""Get the American Transformers that aren't available in Japan!"" Orders were live up until 30th June 1990. ",Mail Away,"¥3,000 & 2 Robot Points"
1988,Fight! Super Robot Lifeform Transformers: Super-God Masterforce,Takara,Video B,-,-,-,-,Video,"Available to order through the following mail order Leaflet: ""Get the American Transformers that aren't available in Japan!"" Orders were live up until 30th June 1990. ",Mail Away,"¥4,000 & 2 Robot Points"
1988,Fight! Super Robot Lifeform Transformers: Super-God Masterforce,Takara,S.T.A.R.S Member,S.T.A.R.S Membership,-,-,Playset,Playset,"Available to order through the following mail order Leaflet: ""Get the American Transformers that aren't available in Japan!"" Orders were live up until 30th June 1990. ",Mail Away,"¥1,200"
1988,Fight! Super Robot Lifeform Transformers: Super-God Masterforce,Takara,TF Super Ginrai 1 Ginrai,-,Cybertron,C-307,Cab,Transformer Juniors,Cab only,Mainline,TBC
1988,Fight! Super Robot Lifeform Transformers: Super-God Masterforce,Takara,TF Super Ginrai 2 Command Base,-,Cybertron,C-307,Tractor Trailer,Transformer Juniors,"""Command Base"" - Cab & trailer. Has die cast metal parts",Mainline,TBC
1988,Fight! Super Robot Lifeform Transformers: Super-God Masterforce,Takara,God Ginrai,-,Cybertron,C-310,Tractor Trailer,Transformer Juniors,"Cab, trailer & with chest piece and fists for God Ginrai. Has die cast metal parts.",Mainline,TBC
1988,Fight! Super Robot Lifeform Transformers: Super-God Masterforce,Takara,Grand Maximus,-,Cybertron,C-311,Battle Station,Transformer Juniors,Redeco Fortress Maximus Junior,Mainline,¥595
1988,Fight! Super Robot Lifeform Transformers: Super-God Masterforce,Takara,Gold Convoy Trophy,-,Cybertron,-,-,Trophy,"Gold plated trophy. TV Magazine exclusive competition. Entrants had to colour in a drawing of Blanker, Sureshot, Slugslinger or Triggerhappy. Limited to 100 pieces the plaque reads ""Transformers colouring contest: Congratulations TV Magazine, March 1st 1988, Takara."".  Entrants were split into 5 age groups of ages 4, 5, 6, 7 and 8. Winners were to be announced in Aprils edition of TV Magazine and the winning entries would be published in Mays edition. Limited to 100 pieces. 20 winners from each of the 5 age groups would be awarded the Gold Convoy Trophy.",Lucky Draw,-
1988,Fight! Super Robot Lifeform Transformers: Super-God Masterforce,Takara,Silver Chromedome Trophy,,Cybertron,-,-,Trophy,"Chromed trophy. TV Magazine exclusive competition. Entrants had to colour in a drawing of Blanker, Sureshot, Slugslinger or Triggerhappy. Limited to 100 pieces. ""Transformers colouring contest: Impressive TV Magazine, March 1st 1988, Takara."". Entrants were split into 5 age groups of ages 4, 5, 6, 7 and 8. Winners were to be announced in Aprils edition of TV Magazine and the winning entries would be published in Mays edition. Limited to 100 pieces. 20 winners from each of the 5 age groups would be awarded the Silver Chromedome Trophy.",Lucky Draw,-
1988,Fight! Super Robot Lifeform Transformers: Super-God Masterforce,Takara,Lander,Landmine,Cybertron,C-200,Futuristic car,Pretenders,"TV Magazine exclusive competition. Entrants had to colour in a drawing of Targetmaster Blanker, Sureshot, Slugslinger or Triggerhappy. Entrants were split into 5 age groups of ages 4, 5, 6, 7 and 8. Winners were to be announced in Aprils edition of TV Magazine and the winning entries would be published in Mays edition. Limited to 300 pieces. Lander was to promote the start of the Super God Masterforce toy line which was to begin in April 1988.",Lucky Draw,-
1988,Fight! Super Robot Lifeform Transformers: Super-God Masterforce,Takara,Super Ginrai,Powermaster Optimus Prime,Cybertron,C-207,Tractor Trailer / Defense Base,Godmaster,"TV Magazine ""Transformers Masterforce Original Product Prize"". You had to enter the Lucky Draw by the 31st July 1988. Winners would be announced in Octobers edition. Limited to 10 people.",Lucky Draw,-
1988,Fight! Super Robot Lifeform Transformers: Super-God Masterforce,Takara,Powermaster Optimus Prime,Super Ginrai,Cybertron,-,Tractor Trailer / Defense Base,Powermaster Autobot Leader,"TV Magazine ""Transformers Masterforce Original Product Prize"". You had to enter the Lucky Draw by the 31st July 1988. Winners would be announced in Octobers edition. Limited to 10 people.",Lucky Draw,-
1988,Fight! Super Robot Lifeform Transformers: Super-God Masterforce,Takara,Quickswitch,Sixknight,Cybertron,-,"Drill, cougar, gun, hydrofoil, jet & robot",Sixchanger Autobot,"TV Magazine ""Transformers Masterforce Original Product Prize"". You had to enter the Lucky Draw by the 31st July 1988. Winners would be announced in Octobers edition. Limited to 10 people.",Lucky Draw,-
1988,Fight! Super Robot Lifeform Transformers: Super-God Masterforce,Takara,Siren,Go Shooter,Cybertron,-,Toyota Supra fire chief car,Headmaster Autobot,"TV Magazine ""Transformers Masterforce Original Product Prize"". You had to enter the Lucky Draw by the 31st July 1988. Winners would be announced in Octobers edition. Limited to 10 people.",Lucky Draw,-
1988,Fight! Super Robot Lifeform Transformers: Super-God Masterforce,Takara,Nightbeat,Minerva,Cybertron,-,Porsche 959 Turbo,Headmaster Autobot,"TV Magazine ""Transformers Masterforce Original Product Prize"". You had to enter the Lucky Draw by the 31st July 1988. Winners would be announced in Octobers edition. Limited to 10 people.",Lucky Draw,-
1988,Fight! Super Robot Lifeform Transformers: Super-God Masterforce,Takara,Joyride,Ranger,Cybertron,-,Off Road Buggy,Powermaster Autobot,"TV Magazine ""Transformers Masterforce Original Product Prize"". You had to enter the Lucky Draw by the 31st July 1988. Winners would be announced in Octobers edition. Limited to 10 people.",Lucky Draw,-
1988,Fight! Super Robot Lifeform Transformers: Super-God Masterforce,Takara,Grandslam,-,Cybertron,-,Microcassette,Cassette,"TV Magazine ""Transformers Masterforce Original Product Prize"". You had to enter the Lucky Draw by the 31st July 1988. Winners would be announced in Octobers edition. Limited to 10 people.",Lucky Draw,-
1988,Fight! Super Robot Lifeform Transformers: Super-God Masterforce,Takara,Raindance,-,Cybertron,C-200,Microcassette,Cassette,"TV Magazine ""Transformers Masterforce Original Product Prize"". You had to enter the Lucky Draw by the 31st July 1988. Winners would be announced in Octobers edition. Limited to 10 people.",Lucky Draw,-
1988,Fight! Super Robot Lifeform Transformers: Super-God Masterforce,Takara,Blood,Bomb-Burst,Destron,D-201,Futuristic hover jet,Pretender,Pretenders. Futuristic hover jet. Identical to Hasbro's Bomb-Burst figure.,Mainline,"¥1,600"
1988,Fight! Super Robot Lifeform Transformers: Super-God Masterforce,Takara,Dauros,Skullgrin,Destron,D-202,Futuristic Tank,Pretender,"Pretenders. Futuristic Tank. Identical to Hasbro's Skullgrin figure. On the box the name has been romanised as ""Dowlos""",Mainline,"¥1,600"
1988,Fight! Super Robot Lifeform Transformers: Super-God Masterforce,Takara,Glimer,Submarauder,Destron,D-203,Futuristic Submarine,Pretender,"Pretenders. Futuristic Submarine. Identical to Hasbro's ""Submarauder"" figure.",Mainline,"¥1,600"
1988,Fight! Super Robot Lifeform Transformers: Super-God Masterforce,Takara,Wilder,Fangry,Destron,D-301,Werewolf,Headmaster Jr,"Headmaster Jr. Werewolf. Identical to Hasbro's ""Fangry"" figure.",Mainline,"¥1,800"
1988,Fight! Super Robot Lifeform Transformers: Super-God Masterforce,Takara,Bullhorn,Horri-Bull,Destron,D-302,Bull,Headmaster Jr,"Headmaster Jr. Bull. Identical to Hasbro's ""Horri-Bull"" figure.",Mainline,"¥1,800"
1988,Fight! Super Robot Lifeform Transformers: Super-God Masterforce,Takara,Cancer,Squeezeplay,Destron,D-303,Cobra Monster,Headmaster Jr,"Headmaster Jr. Cobra monster. Identical to Hasbro's ""Squeezeplay"" figure",Mainline,"¥1,800"
1988,Fight! Super Robot Lifeform Transformers: Super-God Masterforce,Takara,Hydra,Darkwing,Destron,D-304,Panavia Tornado GR1 jet,Godmaster,"Grey, purple & red redeco of Hasbro's Dreadwind figure. Hydra combines with Buster to form the jet mode ""Darkwings"".",Mainline,"¥1,980"
1988,Fight! Super Robot Lifeform Transformers: Super-God Masterforce,Takara,Buster,Dreadwind,Destron,D-305,General Dynamics F-16 fighting Falcon,Godmaster,Grey & red redeco of Hasbro's Darkwing,Mainline,"¥1,980"
1988,Fight! Super Robot Lifeform Transformers: Super-God Masterforce,Takara,Darkwings,Dreadwing,Destron,D-306,Double Jet,Godmaster,Giftset of Hydra & Buster,Mainline,"¥3,900"
1988,Fight! Super Robot Lifeform Transformers: Super-God Masterforce,Takara,Overlord,Overlord,Destron,D-307,"Tank, Jet & Base",Godmaster,"Released September 1988. Double Godmaster. With Giga & Mega Godmasters. Transforms into tank, jet & base",Mainline,"¥5,980"
1988,Fight! Super Robot Lifeform Transformers: Super-God Masterforce,Takara,Browning,-,Destron,D-308,Browning M1910 .380 automatic pistol,Destron,Release of the Micochange MC-07 Gun Robot Browning M1910 Blue Type which was released March 1983.,Mainline,"¥1,800"
1988,Fight! Super Robot Lifeform Transformers: Super-God Masterforce,Takara,Black Zarak,Black Zarak,Destron,D-311,Scorpion & Base,Headmaster,"Headmaster. Black & gold redeco & head remould of Mega Zarak & additional staff accessory. Comes with Scorponok (redeco of Lord Zarak) & Black Roritchi (Redeco of Fasttrack). Suffers from brittle gold plastic aka ""Gold Plastic Syndrome"" (GPS).",Mainline,"¥5,500"
1988,Fight! Super Robot Lifeform Transformers: Super-God Masterforce,Takara,Turtlar,Snaptrap,Destron,D-312,Monster Turtle,Seacons,Seacon. Monster turtle. Identical to Hasbro's version,Mainline,"¥1,980"
1988,Fight! Super Robot Lifeform Transformers: Super-God Masterforce,Takara,Overbite,Overbite,Destron,D-313,Monster Shark,Seacons,Seacon. Monster shark & cannon. Identical to Hasbro's version,Mainline,¥880
1988,Fight! Super Robot Lifeform Transformers: Super-God Masterforce,Takara,Kraken,Seawing,Destron,D-314,Monster Ray,Seacons,Seacon. Monster Ray & cannon. Identical to Hasbro's version,Mainline,¥880
1988,Fight! Super Robot Lifeform Transformers: Super-God Masterforce,Takara,Lobclaw,Nautilator,Destron,D-315,Monster Lobster,Seacons,Seacon. Lobster monster & cannon. Identical to Hasbro's version,Mainline,¥880
1988,Fight! Super Robot Lifeform Transformers: Super-God Masterforce,Takara,Gulf,Skalor,Destron,D-316,Coelacanth Monster,Seacons,Seacon. Coelacanth monster & cannon. Identical to Hasbro's version,Mainline,¥880
1988,Fight! Super Robot Lifeform Transformers: Super-God Masterforce,Takara,Tentakil,Tentakil,Destron,D-317,Monster Squid,Seacons,Seacon. Monster squid & double cannon. Identical to Hasbro's version,Mainline,¥880
1988,Fight! Super Robot Lifeform Transformers: Super-God Masterforce,Takara,King Poseidon,Piranacon,Destron,D-318,Combiner,Seacons,"Giftset includes all 6 members, unlike Hasbro's giftset which excluded Nautilator.",Mainline,"¥6,300"
1988,Fight! Super Robot Lifeform Transformers: Super-God Masterforce,Takara,Gnaw,Gnaw,Destron,-,Shark Monster,Sharktron,"Shared store exclusive to promote the new Transformers Masterforce series. Released in a standard Hasbro box with a gold sticker on the front saying ""Limited Edition"". Has 2 sets of instructions, Hasbro's and Takara's. The Takara instructions names the figure as ""Sharktron"" although the packaging and English instructions name the figure as ""Gnaw"".",Store Exclusive,"¥2,500"
1988,Fight! Super Robot Lifeform Transformers: Super-God Masterforce,Takara,Squawkbox,Squawkbox,Destron,-,Microcassette,Cassette Combiner,"Available to order through the following mail order Leaflet: ""Get the American Transformers that aren't available in Japan!"" Orders were live up until 30th June 1990. Sold on Hasbro card. midway through the mail order promotion, Squawkbox was replaced with the Autobot Slamdance which was not announced or advertised.",Mail Away,¥980 & 2 Robot Points
1988,Fight! Super Robot Lifeform Transformers: Super-God Masterforce,Takara,Kickback,Kickback,Destron,40,Grasshopper,Insectron,"Available to order through the following mail order Leaflet: ""Get the American Transformers that aren't available in Japan!"" Orders were live up until 30th June 1990. Sold in a Hasbro box",Mail Away,¥880 & 2 Robot Points
1988,Fight! Super Robot Lifeform Transformers: Super-God Masterforce,Takara,Bombshell,Bombshell,Destron,41,Japanese rhinoceros beetle,Insectron,"Available to order through the following mail order Leaflet: ""Get the American Transformers that aren't available in Japan!"" Orders were live up until 30th June 1990. Sold in a Hasbro box",Mail Away,¥880 & 2 Robot Points
1988,Fight! Super Robot Lifeform Transformers: Super-God Masterforce,Takara,Shrapnel,Shrapnel,Destron,42,Stag Beetle,Insectron,"Available to order through the following mail order Leaflet: ""Get the American Transformers that aren't available in Japan!"" Orders were live up until 30th June 1990. Sold in a Hasbro box",Mail Away,¥880 & 2 Robot Points
1988,Fight! Super Robot Lifeform Transformers: Super-God Masterforce,Takara,Dreadwind,Buster,Destron,-,General Dynamics F-16 fighting Falcon,Powermaster Decepticon,"Available to order through the following mail order Leaflet: ""Get the American Transformers that aren't available in Japan!"" Orders were live up until 30th June 1990. Sold in a Hasbro box",Mail Away,"¥1,980 & 2 Robot Points"
1988,Fight! Super Robot Lifeform Transformers: Super-God Masterforce,Takara,Darkwing,Hydra,Destron,-,Panavia Tornado GR1 jet,Powermaster Decepticon,"Available to order through the following mail order Leaflet: ""Get the American Transformers that aren't available in Japan!"" Orders were live up until 30th June 1990. Sold in a Hasbro box",Mail Away,"¥1,980 & 2 Robot Points"
1988,Fight! Super Robot Lifeform Transformers: Super-God Masterforce,Takara,Dreadwind,Buster,Destron,-,General Dynamics F-16 fighting Falcon,Powermaster Decepticon,"TV Magazine ""Transformers Masterforce Original Product Prize"". You had to enter the Lucky Draw by the 31st July 1988. Winners would be announced in Octobers edition. Limited to 10 people.",Lucky Draw,-
1988,Fight! Super Robot Lifeform Transformers: Super-God Masterforce,Takara,Darkwing,Hydra,Destron,-,Panavia Tornado GR1 jet,Powermaster Decepticon,"TV Magazine ""Transformers Masterforce Original Product Prize"". You had to enter the Lucky Draw by the 31st July 1988. Winners would be announced in Octobers edition. Limited to 10 people.",Lucky Draw,-
1988,Fight! Super Robot Lifeform Transformers: Super-God Masterforce,Takara,Beastbox,Beastbox,Destron,-,Microcassette,Cassette,"TV Magazine ""Transformers Masterforce Original Product Prize"". You had to enter the Lucky Draw by the 31st July 1988. Winners would be announced in Octobers edition. Limited to 10 people.",Lucky Draw,-
1988,Fight! Super Robot Lifeform Transformers: Super-God Masterforce,Takara,Squawktalk,Squawktalk,Destron,-,Microcassette,Cassette,"TV Magazine ""Transformers Masterforce Original Product Prize"". You had to enter the Lucky Draw by the 31st July 1988. Winners would be announced in Octobers edition. Limited to 10 people.",Lucky Draw,-
1988,Fight! Super Robot Lifeform Transformers: Super-God Masterforce,Takara,Soundwave Cassette Player,Soundwave Cassette Player,Destron,-,-,Cassette Player,"TV Magazine ""Transformers Masterforce Original Product Prize"". You had to enter the Lucky Draw by the 31st July 1988. Winners would be announced in Octobers edition. Limited to 10 people.",Lucky Draw,-
1989,The Transformers,Hasbro,Doubleheader,-,Autobot,-,Pretender Figures,Futuristic Twin Cockpit Jet,Pretender shell is a two headed humanoid with removable helmet,Mainline,$6.99
1989,The Transformers,Hasbro,Longtooth,-,Autobot,-,Pretender Figures,Futuristic Transport Vehicle,Pretender shell is a humanoid walrus,Mainline,$6.99
1989,The Transformers,Hasbro,Pincher,-,Autobot,-,Pretender Figures,Mechanical Scorpion,Pretender shell is a humanoid with removable helmet,Mainline,$6.99
1989,The Transformers,Hasbro,Bumblebee,Bumble,Autobot,-,Pretender Classics,Volkswagen Type-1 (VW Beetle),Pretender shell is a humanoid with yellow and red armour,Mainline,$12.99
1989,The Transformers,Hasbro,Grimlock,Grimlock,Autobot,-,Pretender Classics,Tyrannosaurus Rex,"Pretender shell is a humanoid with grey, red & blue armour",Mainline,$12.99
1989,The Transformers,Hasbro,Jazz,Meister,Autobot,-,Pretender Classics,1976 Martini Racing Porsche 935 Turbo,Pretender shell is a humanoid with blue and white armour,Mainline,$12.99
1989,The Transformers,Hasbro,Crossblades,Blue Bacchus,Autobot,-,Mega Pretenders,Futuristic Dragster & Helicopter,Inner Robot transforms into a Futuristic Dragster. The Humanoid Pretender shell transforms into a helicopter. Both vehicle modes can also combine,Mainline,$12.78
1989,The Transformers,Hasbro,Vroom,-,Autobot,-,Mega Pretenders,Futuristic Dragster & Motorcycle,Inner Robot transforms into a Futuristic Dragster. The Humanoid Pretender shell transforms into a motorcycle. Both vehicle modes can also combine with the dragster becoming a sidecar for the motorcycle.,Mainline,$12.78
1989,The Transformers,Hasbro,Skyhammer,-,Autobot,-,Ultra Pretenders,Futuristic Jet,"Skyhammer's inner robot transforms into a futuristic jet / car. His humanoid outer shell converts into a hoverjet vehicle mode, which the inner robot can pilot. True to his unique sub-line classification, the set also includes a massive, non-transformable mobile command fortress capable of housing both his inner robot and his Pretender shell. Suffers from brittle gold plastic aka ""Gold Plastic Syndrome"" (GPS).",Mainline,$15.99
1989,The Transformers,Hasbro,Fixit,Pibo,Autobot,-,Micromaster,Ambulance,"Part of the Rescue Patrol of 4 Micromasters: Fixit, Red Hot, Seawatch & Stakeout ",Mainline,$5.99
1989,The Transformers,Hasbro,Red Hot,Fire,Autobot,-,Micromaster,Fire Engine,"Part of the Rescue Patrol of 4 Micromasters: Fixit, Red Hot, Seawatch & Stakeout ",Mainline,$5.99
1989,The Transformers,Hasbro,Seawatch,Boater,Autobot,-,Micromaster,Patrol Boat,"Part of the Rescue Patrol of 4 Micromasters: Fixit, Red Hot, Seawatch & Stakeout ",Mainline,$5.99
1989,The Transformers,Hasbro,Stakeout,Holi,Autobot,-,Micromaster,Ford Taurus Police Cruiser,"Part of the Rescue Patrol of 4 Micromasters: Fixit, Red Hot, Seawatch & Stakeout ",Mainline,$5.99
1989,The Transformers,Hasbro,Big Shot,Gunlift,Autobot,-,Micromaster,long-barrel tank.,"Part of the Battle Patrol of 4 Micromasters: Big Shot, Flak, Sidetrack & Sunrunner ",Mainline,$5.99
1989,The Transformers,Hasbro,Flak,Powerbomb,Autobot,-,Micromaster,mobile rocket/missile launcher,"Part of the Battle Patrol of 4 Micromasters: Big Shot, Flak, Sidetrack & Sunrunner ",Mainline,$5.99
1989,The Transformers,Hasbro,Sidetrack,Sidetrack,Autobot,-,Micromaster,anti-aircraft missile launcher,"Part of the Battle Patrol of 4 Micromasters: Big Shot, Flak, Sidetrack & Sunrunner ",Mainline,$5.99
1989,The Transformers,Hasbro,Sunrunner,Sunrunner,Autobot,-,Micromaster,Military cargo aircraft,"Part of the Battle Patrol of 4 Micromasters: Big Shot, Flak, Sidetrack & Sunrunner ",Mainline,$5.99
1989,The Transformers,Hasbro,Erector,Craygun,Autobot,-,Micromaster Transports,tractor/semi-truck cab,Comes with a large construction/trailer rig that transformed into a mobile base.,Mainline,$5.99
1989,The Transformers,Hasbro,Overload,Roadjet,Autobot,-,Micromaster Transports,tractor/semi-truck cab,Trailer transforms into a jet,Mainline,$5.99
1989,The Transformers,Hasbro,Ironworks,-,Autobot,-,Micromaster Battle Station,1980 GMC General Sleeper Cab truck,Redeco of the 1988 Autobot Off Road Patrol Powertrain. Construction base transforms into a rocket launcher base. Can connect up to other Micromaster bases,Mainline,$8.99
1989,The Transformers,Hasbro,Hot House,-,Autobot,-,Micromaster Battle Station,A-10 Thunderbolt,White redeco of 1988 Decepticon Micromaster Tailwind. The Fire Station Base transforms into an armoured base. Can connect up to other Micromaster bases,Mainline,$8.99
1989,The Transformers,Hasbro,Groundshaker,Gunrunner,Autobot,-,Micromaster Base,Concept Stealth Jet,Green redeco of 1988 Decepticon Air Strike Patrol Whisper. Comes with an armoured vehicle that transforms into a base. Can connect up to other Micromaster bases,Mainline,$17.99
1989,The Transformers,Hasbro,Countdown,Moon Raider,Autobot,-,Micromaster Rocket Base,Lunar Rover,Comes with a large rocket launch pad that transforms into a base. Can connect up to other Micromaster bases,Mainline,$29.99
1989,The Transformers,Hasbro,Bumblebee,Bumble,Autobot,-,Autobot Legends,Volkswagen Type-1 (VW Beetle),Kmart store exclusive. Carded version of the Pretender Classics transformable figure.,Store Exclusive,$5.97
1989,The Transformers,Hasbro,Grimlock,Grimlock,Autobot,-,Autobot Legends,Tyrannosaurus Rex,Kmart store exclusive. Carded version of the Pretender Classics transformable figure.,Store Exclusive,$5.97
1989,The Transformers,Hasbro,Jazz,Meister,Autobot,-,Autobot Legends,1976 Martini Racing Porsche 935 Turbo,Kmart store exclusive. Carded version of the Pretender Classics transformable figure.,Store Exclusive,$5.97
1989,The Transformers,Hasbro,Bludgeon,-,Decepticon,-,Pretender Figures,Tank,The outershell transforms into a samurai warrior with a skull head. This character has gained popularity,Mainline,$6.99
1989,The Transformers,Hasbro,Octopunch,-,Decepticon,-,Pretender Figures,Metallic Crab,The outer shell is an octopus creature in scuba armour,Mainline,$6.99
1989,The Transformers,Hasbro,Stranglehold,-,Decepticon,-,Pretender Figures,Metallic Rhino,The outer shell resembles a gladiator with a moustache,Mainline,$6.99
1989,The Transformers,Hasbro,Starscream,Starscream,Decepticon,-,Pretender Classics,McDonnell Douglas F-15 Jet,The Pretender shell is a humanoid with teal and grey armour,Mainline,$12.99
1989,The Transformers,Hasbro,Thunderwing,Black Shadow,Decepticon,-,Mega Pretenders,Futuristic Jet,Both the inner and Pretender shell transform into jets that can also combine. This character has gained popularity,Mainline,$12.78
1989,The Transformers,Hasbro,Roadblock,-,Decepticon,-,Ultra Pretenders,Futuristic Halftrack,"Roadblock's inner robot transforms into a futuristic halftrack. His humanoid demon creature outer shell converts into a futuristic jet, which the inner robot can pilot. The set also includes a massive, non-transformable armoured vehicle capable of housing both his inner robot and his Pretender shell. The small robot suffers from brittle gold plastic aka ""Gold Plastic Syndrome"" (GPS).",Mainline,$15.99
1989,The Transformers,Hasbro,Birdbrain,Rairyu,Decepticon,-,Pretender Monsters,Dinosaur monster,Small robot transforms into a dinosaur. The rubber pretender shell resembles a vulture-monster. Combines with fellow Pretender Monsters to form Monstructor. Forms Monstructor's mid section,Mainline,$4.97
1989,The Transformers,Hasbro,Bristleback,Gairyu,Decepticon,-,Pretender Monsters,Winged Monster,"Small robot transforms into a winged monster. The rubber pretender shell resembles a turtle-monster. Combines with fellow Pretender Monsters to form Monstructor. Forms Monstructor's right arm. The small robot suffers from brittle gold plastic aka ""Gold Plastic Syndrome"" (GPS).",Mainline,$4.97
1989,The Transformers,Hasbro,Icepick,Goryu,Decepticon,-,Pretender Monsters,Clawed cobra monster,Small robot transforms into a cobra monster. The rubber pretender shell resembles a bipedal orange & blue monster. Combines with fellow Pretender Monsters to form Monstructor. Forms Monstructor's right leg. ,Mainline,$4.97
1989,The Transformers,Hasbro,Scowl,Doryu,Decepticon,-,Pretender Monsters,Werewolf monster,Small robot transforms into a werewolf monster. The rubber pretender shell resembles a blue rock monster. Combines with fellow Pretender Monsters to form Monstructor. Forms Monstructor's left leg. ,Mainline,$4.97
1989,The Transformers,Hasbro,Slogg,Kakuryu,Decepticon,-,Pretender Monsters,Horned monster,"Small robot transforms into a bipedal horned monster. The rubber pretender shell resembles an aquatic monster. Combines with fellow Pretender Monsters to form Monstructor. Forms Monstructor's upper torso. The small robot suffers from brittle gold plastic aka ""Gold Plastic Syndrome"" (GPS).",Mainline,$4.97
1989,The Transformers,Hasbro,Wildfly,Yokuryu,Decepticon,-,Pretender Monsters,Bipedal winged monster,Small robot transforms into a bipedal winged monster. The rubber pretender shell resembles a gargoyle monster. Combines with fellow Pretender Monsters to form Monstructor. Forms Monstructor's left arm. ,Mainline,$4.97
1989,The Transformers,Hasbro,Monstructor,Dinoking,Decepticon,-,Pretender Monsters,Combiner,All 6 Pretender Monsters form Monstructor. Monstructor was not sold in a giftset. Artwork did exist for Monstructor (recoloured Dinoking art) so a giftset was potentially considered.,Mainline,-
1989,The Transformers,Hasbro,Blackjack,Black Heat,Decepticon,-,Micromaster,Ford car,"Part of the Sports Car Patrol of 4 Micromasters: Blackjack, Detour, Hyperdrive & Road Hugger.",Mainline,$5.99
1989,The Transformers,Hasbro,Detour,Deadhour,Decepticon,-,Micromaster,Chevrolet Corvette Indy car,"Part of the Sports Car Patrol of 4 Micromasters: Blackjack, Detour, Hyperdrive & Road Hugger.",Mainline,$5.99
1989,The Transformers,Hasbro,Hyperdrive,Gingham,Decepticon,-,Micromaster,Mitsubishi Eclipse,"Part of the Sports Car Patrol of 4 Micromasters: Blackjack, Detour, Hyperdrive & Road Hugger.",Mainline,$5.99
1989,The Transformers,Hasbro,Road Hugger,Road Hugger,Decepticon,-,Micromaster,Ferrari,"Part of the Sports Car Patrol of 4 Micromasters: Blackjack, Detour, Hyperdrive & Road Hugger.",Mainline,$5.99
1989,The Transformers,Hasbro,Roughstuff,Missile Bull,Decepticon,-,Micromaster Transports,Military Truck Cab,Military Truck and trailer. The trailer transforms into a jet that can be piloted by the Micromaster,Mainline,$5.99
1989,The Transformers,Hasbro,Flattop,Skywave,Decepticon,-,Micromaster Transports,F4 Phantom fighter jet,Flattops tramsport is an air craft carrier that transforms into an attack jet that can be piloted by a Micromaster,Mainline,$5.99
1989,The Transformers,Hasbro,Airwave,Overair,Decepticon,-,Micromaster Battle Station,Grumman F-14D Tomcat fighter jet,Maroon redeco of Decepticon Nightflight from the 1988 Air Strike Patrol. The airport hanger transforms into a missile base. The base can connect up to other Micromaster bases.,Mainline,$8.99
1989,The Transformers,Hasbro,Greasepit,Glasspit,Decepticon,-,Micromaster Battle Station,Chevrolet K10 pick-up truck,Grey redeco of Autobot Mudslinger from the 1988 Off Road Patrol. Comes with petrol station that transforms into an attack base. The base can connect up to other Micromaster bases.,Mainline,$8.99
1989,The Transformers,Hasbro,Skyhopper,Sky Hyper,Decepticon,-,Micromaster Base,Dassault Rafale fighter jet,Redeco of Decepticon Storm Cloud from the 1988 Air Strike Patrol. Comes with a large helicopter that transforms into a battle base.,Mainline,$11.94
1989,The Transformers,Hasbro,Skystalker,Thunder Arrow,Decepticon,-,Micromaster Space Shuttle,Porsche 959 sports car,Orange Skystalker comes with space shuttle and pod. The Micromaster can sit in either and the pod can connect to the space shuttle. The space shuttle transforms into a base that can connect up to other Micromaster bases.,Mainline,$17.99
1989,The Transformers,Hasbro,Starscream,Starscream,Decepticon,-,Decepticon Legends,McDonnell Douglas F-15 Jet,Kmart store exclusive. Carded version of the Pretender Classics transformable figure.,Store Exclusive,$5.97
1989,Fight! Super Robot Lifeform Transformers: Super-God Masterforce,Takara,Hardspark,Guzzle,Cybertron,C-313,Sparkdash,ROF Challenger 1MBT Tank,Released early 1989. Grey redeco of Hasbro's Guzzle,Mainline,¥580
1989,Fight! Super Robot Lifeform Transformers: Super-God Masterforce,Takara,Hotspark,Sizzle,Cybertron,C-314,Sparkdash,Funny car,Released early 1989. Red redeco of Hasbro's Sizzle,Mainline,¥580
1989,Fight! Super Robot Lifeform Transformers: Super-God Masterforce,Takara,Wildspark,Fizzle,Cybertron,C-315,Sparkdash,Off Road racer,Released early 1989. Identical to Hasbro's release of Fizzle,Mainline,¥580
1989,Fight! Super Robot Lifeform Transformers: Victory,Takara,Wingwaver,-,Cybertron,C-316,Multiforce,Jet & Hydrofoil,Two pack combiner team of Wing (grey & red jet) & Waver (red hydrofoil),Mainline,¥980
1989,Fight! Super Robot Lifeform Transformers: Victory,Takara,Dashtacker,-,Cybertron,C-317,Multiforce,Car & Halftrack,Two pack combiner team of Dash (red & grey car) & Tacker (olive & grey half-track),Mainline,¥980
1989,Fight! Super Robot Lifeform Transformers: Victory,Takara,Machtackle,-,Cybertron,C-318,Multiforce,Space Shuttle & Truck,Two pack combiner team of Mach (white & blue space shuttle) & Tackle (orange & blue truck),Mainline,¥980
1989,Fight! Super Robot Lifeform Transformers: Victory,Takara,Landcross,-,Cybertron,C-319,Multiforce,Combiner,"Multiforce Combiner. Giftset of Wingwaver, Dashtacker & Machtackle",Mainline,"¥2,900"
1989,Fight! Super Robot Lifeform Transformers: Victory,Takara,Blacker,Gripper,Cybertron,C-320,Brainmaster,Baja Buggy,Brainmaster black & red baja buggy. Combines with Laster & Braver to become Road Caesar. Brainmaster figure called Brain of Strength.,Mainline,"¥2,300"
1989,Fight! Super Robot Lifeform Transformers: Victory,Takara,Laster,Flame,Cybertron,C-321,Brainmaster,Lamborghini LP5000 Quattrovalvole,Brainmaster yellow Lamborghini LP5000 Quattrovalvole. Combines with Blacker & Braver to become Road Caesar. Brainmaster figure called Brain of Skill.,Mainline,"¥2,300"
1989,Fight! Super Robot Lifeform Transformers: Victory,Takara,Braver,Lightspeed,Cybertron,C-322,Brainmaster,Ferrari F40,Brainmaster red & blue Ferrari F40. Combines with Raster & Laster to become Road Caesar. Brainmaster figure called Brain of Intelligence.,Mainline,"¥2,300"
1989,Fight! Super Robot Lifeform Transformers: Victory,Takara,Road Caesar,-,Cybertron,C-323,Brainmaster,Combiner,"Brainmaster Combiner. Giftset of Laster, Blacker & Braver",Mainline,"¥6,900"
1989,Fight! Super Robot Lifeform Transformers: Victory,Takara,Star Saber,-,Cybertron,C-324,Brainmaster,Futuristic Jet,Released April 1989. Small robot called Saber & combines with the V-Star to form Star Saber. Initially released with vertical styled packaging which was later amended to horizontal styled packaging.,Mainline,"¥5,500"
1989,Fight! Super Robot Lifeform Transformers: Victory,Takara,Greatshot,-,Cybertron,C-325,Sixchanger,Six Changer,"Red, white & blue redeco & remould of Sixshot. Transforms into tank, rhino, gun, jet, armoured vehicle & robot mode.",Mainline,"¥3,980"
1989,Fight! Super Robot Lifeform Transformers: Victory,Takara,Galaxy Shuttle,-,Cybertron,C-326,Shuttle,Space Shuttle & Base,Space Shuttle. Also released in Italy. The cockpit opens and can seat a Micromaster. Also transforms into a Micromaster Base. Designed to work with C-330 Rocket Base (Countdown),Mainline,"¥2,500"
1989,Fight! Super Robot Lifeform Transformers: Victory,Takara,Victory Leo,-,Cybertron,C-327,Brainmaster,Mechanical Lion,Released October 1989. Seibertronian Winged Lion & Jet. Combines with Star Saber to become Victory Saber. The characer is a rebuilt God Ginrai.,Mainline,"¥4,500"
1989,Fight! Super Robot Lifeform Transformers: Victory,Takara,Victory Saber,-,Cybertron,C-328,Brainmaster,Jet & Lion,Giftset released October 1989. Giftset of Victory Leo & Star Saber. Transforms into large Jet and robot,Mainline,"¥10,000"
1989,Fight! Super Robot Lifeform Transformers: Victory,Takara,Bumble,Bumblebee,Cybertron,N/A,Hero Set,Volkswagen Type-1 (VW Beetle),"Giftset of Legends Bumble, Grimlock, Meister & Starscream. Identical to the individual Hasbro releases however Starscream as a silver face instead of black face.",Mainline,"¥1,980"
1989,Fight! Super Robot Lifeform Transformers: Victory,Takara,Grimlock,Grimlock,Cybertron,N/A,Hero Set,Tyrannosaurus Rex,"Giftset of Legends Bumble, Grimlock, Meister & Starscream. Identical to the individual Hasbro releases however Starscream as a silver face instead of black face.",Mainline,"¥1,980"
1989,Fight! Super Robot Lifeform Transformers: Victory,Takara,Meister,Jazz,Cybertron,N/A,Hero Set,1976 Martini Racing Porsche 935 Turbo,"Giftset of Legends Bumble, Grimlock, Meister & Starscream. Identical to the individual Hasbro releases however Starscream as a silver face instead of black face.",Mainline,"¥1,980"
1989,Fight! Super Robot Lifeform Transformers: Victory,Takara,Star Saber,,Cybertron,C-324,TF Junior,Futuristic Jet,Individual release of Star Saber. Has a paper nosecone,Mainline,TBC
1989,Fight! Super Robot Lifeform Transformers: Victory,Takara,Star Saber DX Set,,Cybertron,C-324,TF Junior,Futuristic Jet,Came with the Samurai Former Camera which shot pellets. Has a paper nosecone,Mainline,TBC
1989,Fight! Super Robot Lifeform Transformers: Victory,Takara,Star Saber Samurai Former Camera,,Cybertron,N/A,TF Junior,-,"Role play video camera. Came in either black, red or blue colours.",Mainline,TBC
1989,Fight! Super Robot Lifeform Transformers: Victory,Takara,Star Saber Enban Pistol,,Cybertron,N/A,TF Junior,-,"""Disc Pistol"", red toy gun sold with x12 blue plastic pellets.",Mainline,TBC
1989,Fight! Super Robot Lifeform Transformers: Victory,Takara,Convoy,Optimus Prime,Cybertron,01,TF Junior,Trailer Truck,"Giftset: ""Transformers 5th Anniversary TV Magazine Special 5 Figure Supreme Commander Set"". TV Magazine Lucky Draw set with Convoy, Rodimus Convoy, Fortress Maximus, Ginrai, Super Ginrai & Star Saber. Sold in long plain white with blue lettering. The figures were identical to the previous mainline releases.",Lottery,-
1989,Fight! Super Robot Lifeform Transformers: Victory,Takara,Rodimus Convoy,Rodimus Prime,Cybertron,C-77,TF Junior,Futuristic Van,"Giftset: ""Transformers 5th Anniversary TV Magazine Special 5 Figure Supreme Commander Set"". TV Magazine Lucky Draw set with Convoy, Rodimus Convoy, Fortress Maximus, Ginrai, Super Ginrai & Star Saber. Sold in long plain white with blue lettering. The figures were identical to the previous mainline releases.",Lottery,-
1989,Fight! Super Robot Lifeform Transformers: Victory,Takara,Fortress Maximus,Fortress Maximus,Cybertron,C-114,TF Junior,Battle Station,"Giftset: ""Transformers 5th Anniversary TV Magazine Special 5 Figure Supreme Commander Set"". TV Magazine Lucky Draw set with Convoy, Rodimus Convoy, Fortress Maximus, Ginrai, Super Ginrai & Star Saber. Sold in long plain white with blue lettering. The figures were identical to the previous mainline releases.",Lottery,-
1989,Fight! Super Robot Lifeform Transformers: Victory,Takara,Ginrai,Optimus Prime,Cybertron,C-307,TF Junior,Trailer Truck,"Giftset: ""Transformers 5th Anniversary TV Magazine Special 5 Figure Supreme Commander Set"". TV Magazine Lucky Draw set with Convoy, Rodimus Convoy, Fortress Maximus, Ginrai, Super Ginrai & Star Saber. Sold in long plain white with blue lettering. The figures were identical to the previous mainline releases.",Lottery,-
1989,Fight! Super Robot Lifeform Transformers: Victory,Takara,Super Ginrai,Optimus Prime,Cybertron,C-307,TF Junior,Trailer Truck,"Giftset: ""Transformers 5th Anniversary TV Magazine Special 5 Figure Supreme Commander Set"". TV Magazine Lucky Draw set with Convoy, Rodimus Convoy, Fortress Maximus, Ginrai, Super Ginrai & Star Saber. Sold in long plain white with blue lettering. The figures were identical to the previous mainline releases.",Lottery,-
1989,Fight! Super Robot Lifeform Transformers: Victory,Takara,Star Saber,-,Cybertron,C-324,TF Junior,Futuristic Jet,"Giftset: ""Transformers 5th Anniversary TV Magazine Special 5 Figure Supreme Commander Set"". TV Magazine Lucky Draw set with Convoy, Rodimus Convoy, Fortress Maximus, Ginrai, Super Ginrai & Star Saber. Sold in long plain white with blue lettering. The figures were identical to the previous mainline releases.",Lottery,-
1989,Fight! Super Robot Lifeform Transformers: Victory,Takara,Guzzle,Cindersaur,Destron,D-319,Sparkdash,Dragon Monster,"Released early 1989. Dark green, grey & white redeco of Hasbros Cindersaur",Mainline,¥580
1989,Fight! Super Robot Lifeform Transformers: Victory,Takara,Sizzle,Flamefeather,Destron,D-320,Sparkdash,Dragon Monster,Released early 1989. Identical to Hasbro's Flamefeather figure,Mainline,¥580
1989,Fight! Super Robot Lifeform Transformers: Victory,Takara,Jabile,Sparkstalker,Destron,D-321,Sparkdash,Dragon Monster,Released early 1989. Red & white redeco of Hasbro's Sparkstalker,Mainline,¥580
1989,Fight! Super Robot Lifeform Transformers: Victory,Takara,Black Shadow,Thunderwing,Destron,D-309,Crossformer,Futuristic Jet,Redeco & Remould of Thunderwing. Both the inner and Pretender shell transform into jets that can also combine. ,Mainline,"¥1,980"
1989,Fight! Super Robot Lifeform Transformers: Victory,Takara,Blue Bacchus,Crossblades,Destron,D-310,Crossformer,Futuristic Dragster & Helicopter,Redeco & Remould of Crossblades. Inner Robot transforms into a Futuristic Dragster. The Humanoid Pretender shell transforms into a helicopter. Both vehicle modes can also combine,Mainline,"¥1,980"
1989,Fight! Super Robot Lifeform Transformers: Victory,Takara,Goryu,Icepick,Destron,D-322,Dinoforce,Cobra Monster,Cobra monster w/ armoured T-Rex pretender shell,Mainline,¥850
1989,Fight! Super Robot Lifeform Transformers: Victory,Takara,Gairyu,Bristleback,Destron,D-323,Dinoforce,Winged Monster,Four legged winged monster w/ armoured Ankylosaur pretender shell,Mainline,¥850
1989,Fight! Super Robot Lifeform Transformers: Victory,Takara,Kakuryu,Slog,Destron,D-324,Dinoforce,Hormned Monster,Horned monster w/ armoured Triceratops pretender shell,Mainline,¥850
1989,Fight! Super Robot Lifeform Transformers: Victory,Takara,Doryu,Scowl,Destron,D-325,Dinoforce,Werewolf Monster,Werewolf monster w/ armoured Stegosaurus pretender shell,Mainline,¥850
1989,Fight! Super Robot Lifeform Transformers: Victory,Takara,Yokuryu,Wildfly,Destron,D-326,Dinoforce,Winged Monster,Winged monster w/ Pteranodon pretender shell,Mainline,¥850
1989,Fight! Super Robot Lifeform Transformers: Victory,Takara,Rairyu,Birdbrain,Destron,D-327,Dinoforce,Dinosaur Monster,Four legged monster w/ armoured Apatosaurus pretender shell,Mainline,¥850
1989,Fight! Super Robot Lifeform Transformers: Victory,Takara,Dinoking,Monstructor,Destron,D-328,Dinoforce,Combiner,Giftset with all Dinoforce members,Mainline,"¥4,980"
1989,Fight! Super Robot Lifeform Transformers: Victory,Takara,Leozack,Leozak,Destron,D-329,Breastforce,Grumman F-14D Tomcat jet ,Released May 1989. Breastforce. Aqua & white Grumman F-14D Tomcat jet w/ Lionbreast. Combines with fellow Breastforce member to form Liokaisar Forms Liokaisars upper torso.,Mainline,¥980
1989,Fight! Super Robot Lifeform Transformers: Victory,Takara,Guyhawk,Gaihawk,Destron,D-330,Breastforce,Mapo MIG-29 Fulcrum jet ,Released May 1989. Breastforce. Red & white Mapo MIG-29 Fulcrum jet w/ Hawkbreast. Combines with fellow Breastforce member to form Liokaisar Forms Liokaisars right arm.,Mainline,¥980
1989,Fight! Super Robot Lifeform Transformers: Victory,Takara,Hellbat,Ellbat,Destron,D-331,Breastforce,Dassault Rafale jet,Released May 1989 Breastforce. Blue & white Dassault Rafale jet w/ Bat / Kōmoribreast. Combines with fellow Breastforce member to form Liokaisar Forms Liokaisars left arm,Mainline,¥980
1989,Fight! Super Robot Lifeform Transformers: Victory,Takara,Jallguar,Jaruga,Destron,D-332,Breastforce,Off-Road Buggy,Released May 1989. Breastforce. Black & white off road buggy w/ Jaguarbreast. Combines with fellow Breastforce member to form Liokaisar Forms Liokaisars mid torso.,Mainline,¥980
1989,Fight! Super Robot Lifeform Transformers: Victory,Takara,Killbison,Killbison,Destron,D-333,Breastforce,AMW Gepard anti-aircraft tank,"Released May 1989. Breastforce. Gold & white AMW Gepard anti-aircraft tank w/ Bisonbreast. Combines with fellow Breastforce member to form Liokaisar Forms Liokaisars right leg. Suffers from brittle gold plastic aka ""Gold Plastic Syndrome"" (GPS).",Mainline,¥980
1989,Fight! Super Robot Lifeform Transformers: Victory,Takara,Drillhorn,Drillhorn,Destron,D-334,Breastforce,Drill tank ,Released May 1989. Breastforce. Drill tank w/ Hornbreast. Combines with fellow Breastforce member to form Liokaisar Forms Liokaisars left leg.,Mainline,¥980
1989,Fight! Super Robot Lifeform Transformers: Victory,Takara,Liokaisar,Liokaisar,Destron,D-335,Breastforce,Combiner,"Released May 1989. Giftset of the six Breastforce members. The name has been romanised on the character card as ""Liocaesar"".",Mainline,"¥5,800"
1989,Fight! Super Robot Lifeform Transformers: Victory,Takara,Deathsaurus,Deathsaurus,Destron,D-336,Breastforce,Dragon / Kaiju Monster,"Released June 1989. Breastforce. Winged dragon, double Breastforce w/ Tigerbreast & Eaglebreast.  Deathsaurus' chest features a spring panel so you can fit both beast breasts inside. The name on the character card has been romanised as ""Deszaras""",Mainline,"¥3,980"
1989,Fight! Super Robot Lifeform Transformers: Victory,Takara,Starscream,Starscream,Destron,N/A,Hero Set,McDonnell-Douglas F-15 Eagle jet,"Giftset of Legends Bumble, Grimlock, Meister & Starscream. Identical to the individual Hasbro releases however Starscream as a silver face instead of black face.",Mainline,"¥1,980"
2024,Missing Link,Takara Tomy,Convoy,Optimus Prime,Cybertron,C-01,Leader,White Freightliner Cabover Engine Tractor Trailer FLA 8664T,Retooled version of the original Convoy that features modern articulation while looking like the original toy. Has a new removable Matrix Chamber and Matrix accessory. Released February 2024,Mainline,"¥17,380"
2024,Missing Link,Takara Tomy,Convoy (Anime Edition),Optimus Prime,Cybertron,C-02,Leader,White Freightliner Cabover Engine Tractor Trailer FLA 8664T,Anime redeco of Missing Link C-01 Convoy to look like the cartoon version. This version comes without the trailer. Has a new removable Matrix Chamber and Matrix accessory. Released February 2024,Mainline,"¥10,780"
2024,Missing Link,Takara Tomy,Sentinel Prime,Sentinel Prime,Cybertron,C-01S,Leader,White Freightliner Cabover Engine Tractor Trailer FLA 8664T,40th Anniversary Transformers Expo 2024 Exclusive. The box is grey scale and Sentinels colour scheme is based on the otriginal truck that was scanned for Convoys transformation in the original cartoon episode. Roller is named Dillo based on the Beast Machines Deployer character. Released September 2024.,Store Exclusive,"¥18,000"
2024,Missing Link,Takara Tomy,Bumble,Bumblebee,Cybertron,C-03,Volkswagen Type-1 (VW Beetle),Minibot,Retooled version of the original Bumble that features modern articulation while looking like the original toy. Released November 2024. Comes with a small chromed gun that can store away in vehicle mode.,Mainline,"¥5,940"
2024,Missing Link,Takara Tomy,Cliff,Cliffjumper,Cybertron,C-04,Porsche 924 Turbo,Minibot,Retooled version of the original Cliff that features modern articulation while looking like the original toy. Released November 2024. Comes with a small chromes weapon and a chromed bazooka that was seen in the first episode of the original cartoon.,Mainline,"¥5,940"
2025,Missing Link,Takara Tomy,Sunstreaker,Sunstreaker,Cybertron,C-05,Lamborghini Countach LP500S,Autobot,Retooled version of the original Sunstreaker that features modern articulation while looking like the original toy. Released June 2025. Comes with a pilot figure based on the original Diaclone pilots,Mainline,"¥13,200"
2025,Missing Link,Takara Tomy,Cordon,Cordon,Cybertron,C-06,Lamborghini Countach LP500S Patrol Car,Autobot,White redeco of C-05 Sunstreaker. Based on the 1982 Diaclone Countach LP500s Patrol Car Type. Comes with a pilot figure,Mainline,"¥13,200"
2025,Missing Link,Takara Tomy,Arcee (Prototype),Arcee,Cybertron,C-07,Futuristic Race Car,Autobot,A new sculpt based on the original 1986 Arcee Prototype with that prototypes headsculpt and colours. Released September 2025,Mainline,"¥13,200"
2025,Missing Link,Takara Tomy,Arcee,Arcee,Cybertron,C-08,Futuristic Race Car,Autobot,"Redeco of C-07 Arcee (Prototype) in the 1986 cartoon colours. Also features a more cartoon accurate headsculpt, as if it were made in 1986. Released September 2025",Mainline,"¥13,200"
2025,Missing Link,Takara Tomy,Bumble (Anime Type),Bumblebee,Cybertron,C-09,Volkswagen Type-1 (VW Beetle),Minibot,"""Cybertron Hero Set"". Giftset of both Bumble and Cliff who are cartoon redecos of C-03 and C-04. Bumble features an updated cartoon headsculpt. Released December 2025",Mainline,"¥11,880"
2025,Missing Link,Takara Tomy,Cliff (Anime Type),Cliffjumper,Cybertron,C-09,Porsche 924 Turbo,Minibot,"""Cybertron Hero Set"". Giftset of both Bumble and Cliff who are cartoon redecos of C-03 and C-04. Released December 2025",Mainline,"¥11,880"
2026,Missing Link,Takara Tomy,Nemesis Prime,Nemesis Prime,Destron,C-01N,White Freightliner Cabover Engine Tractor Trailer FLA 8664T,Destron,Black redeco of C-01 Convoy with the trailer. Roller is now named Giza,Mainline,"¥17,380"
2026,Missing Link,Takara Tomy,Ultra Magnus,Ultra Magnus,Cybertron,C-10,Car Carrier,City Commander,"Retooled version of the original Ultra Magnus that features modern articulation while looking like the original toy. The cab is a retooled version of C-01 and comes with its own removable Matrix chamber that can also be accessed in the large robot mode. Packaged with ""Deerstalker"" the robot buggy that was with the original Diaclone ""Powered Convoy"" version that has previously not seen a Transformer release. Also comes with a pilot figure. Connecting the small robot to the trailer to form the large robot is more complicated than the original. Released March 2026. ",Mainline,"¥27,500"
2026,Missing Link,Takara Tomy,Deerstalker,Deerstalker,Cybertron,C-10,Buggy,Autobot,"Updated version of the ""Powered Buggy"" that came with the original Diaclone Powered Convoy. To transform the original you had to take it apart to reassemble it as a robot, with this version it is fully transformable. Released March 2026. ",Mainline,"¥27,500"
2026,Missing Link,Takara Tomy,Delta Magnus,Delta Magnus,Cybertron,C-11,Car Carrier,City Commander,Redeco of C-11 in the original Diaclone colours which also made an appearence in an early Transformers The Movie trailer. Released June 2026,Mainline,"¥27,500"
2026,Missing Link,Takara Tomy,Powerdrive,Powerdrive,Cybertron,C-11,Car Carrier,Autobot,"Red redeco of Deerstalker, its original Diaclone colours. Released June 2026",Mainline,"¥27,500"
2026,Missing Link,Takara Tomy,Grimlock,Grimlock,Cybertron,C-12,Tyrannosaurus Rex,Dinobot,Retooled version of the original Grimlock that features modern articulation while looking like the original toy. Comes with a chromed sword and pilot figure like the original Diaclone version. Released July 2026. ,Mainline,"¥18,700"
2026,Missing Link,Takara Tomy,Grimlock (Anime Type),Grimlock,Cybertron,C-13,Tyrannosaurus Rex,Dinobot,Cartoon redeco of C-12 Grimlock. Released August 2026,Mainline,"¥18,700"
2026,Missing Link,Takara Tomy,Ironhide,Ironhide,Cybertron,C-14,Nissan Cherry Vanette,Autobot,"Complete overhaul of the original Ironhide. The original separated into 2, one robot and one platform that you could also combine, this version is based on the cartoon appearence. Also comes with a small pilot figure. Released December 2026",Mainline,"¥16,500"
2026,Missing Link,Takara Tomy,Ratchet,Ratchet,Cybertron,C-15,Nissan Onebox Cherry Vanette ambulance,Autobot,Redeco of C-14 Ironhide with new headsculpt. Released December 2026,Mainline,"¥16,500"
2027,Missing Link,Takara Tomy,Soundwave,Soundwave,Destron,D-01,Microcassette Player / Light Standard Mode,Communications,"Retooled version of the original Soundwave with improved articulation and has been given a second mode, the ""Light Standard Mode"" as seen in the first episode of The Transformers. Also comes with headphones that came with the original Micro Change release and the original 1985 Japanese release of Soundwave. Comes with Scout Robo Microcassette. Released February 2027",Mainline,"¥30,800"
2027,Missing Link,Takara Tomy,Scout Robo,Autoscout,Destron,D-01,Microcassette,Cassettron,"Brand new Microcassette based on the Scout Robo that appeared once in the 1985 episode ""A Prime Problem"" / ""The Two Convoys"". If pre-ordered through Takara Tomy Mall before 9th September 2026, customers would receive a second bio card for the Microcassette. Scout Robo shares Jaguars chromed weapons.",Mainline,"¥30,800"
2027,Missing Link,Takara Tomy,Soundwave (Anime Type),Soundwave,Destron,D-02,Microcassette Player / Light Standard Mode,Communications,Anime redeco of D-01 Soundwave with a new headsculpt. Comed with a Seibertronian version of Condor. Released March 2027,Mainline,"¥30,800"
2027,Missing Link,Takara Tomy,Condor Seibertron Mode (Anime Type),Laserbeak,Destron,D-02,Microcassette,Cassettron,"Brand new Microcassette based on Condors appearence from the first episode of The Transformers. If pre-ordered through Takara Tomy Mall before 9th September 2026, customers would receive a second bio card for the Microcassette.  Released March 2027",Mainline,"¥30,800"